:ID,:LABEL,pfas_id,pfas_name,property,value,type,unit
EC_001_logKow,PFASProperty,PFAS_001,Perfluoro(2-methylpent-2-ene),logKow,4.91,Experimental/Predicted,
EC_001_ExposureScore_Water,PFASProperty,PFAS_001,Perfluoro(2-methylpent-2-ene),ExposureScore_Water,0.2,Score,
EC_001_HazScore_EcoChronic,PFASProperty,PFAS_001,Perfluoro(2-methylpent-2-ene),HazScore_EcoChronic,0.02,Score,
EC_001_TPSA,PFASProperty,PFAS_001,Perfluoro(2-methylpent-2-ene),TPSA,0.0,Calculated,
EC_001_QED,PFASProperty,PFAS_001,Perfluoro(2-methylpent-2-ene),QED,0.624,Calculated,
EC_002_logKow,PFASProperty,PFAS_002,8H-Perfluorooctane,logKow,5.56,Experimental/Predicted,
EC_002_ExposureScore_Water,PFASProperty,PFAS_002,8H-Perfluorooctane,ExposureScore_Water,0.2,Score,
EC_002_HazScore_EcoChronic,PFASProperty,PFAS_002,8H-Perfluorooctane,HazScore_EcoChronic,0.01,Score,
EC_002_TPSA,PFASProperty,PFAS_002,8H-Perfluorooctane,TPSA,0.0,Calculated,
EC_002_QED,PFASProperty,PFAS_002,8H-Perfluorooctane,QED,0.4895,Calculated,
EC_003_logKow,PFASProperty,PFAS_003,Perfluorohept-1-ene,logKow,5.1,Experimental/Predicted,
EC_003_ExposureScore_Water,PFASProperty,PFAS_003,Perfluorohept-1-ene,ExposureScore_Water,0.2,Score,
EC_003_HazScore_EcoChronic,PFASProperty,PFAS_003,Perfluorohept-1-ene,HazScore_EcoChronic,0.08,Score,
EC_003_TPSA,PFASProperty,PFAS_003,Perfluorohept-1-ene,TPSA,0.0,Calculated,
EC_003_QED,PFASProperty,PFAS_003,Perfluorohept-1-ene,QED,0.6142,Calculated,
EC_004_logKow,PFASProperty,PFAS_004,Dichloromethyl((perfluorohexyl)ethyl)silane,logKow,7.1,Experimental/Predicted,
EC_004_ExposureScore_Water,PFASProperty,PFAS_004,Dichloromethyl((perfluorohexyl)ethyl)silane,ExposureScore_Water,0.26,Score,
EC_004_HazScore_EcoChronic,PFASProperty,PFAS_004,Dichloromethyl((perfluorohexyl)ethyl)silane,HazScore_EcoChronic,0.03,Score,
EC_004_TPSA,PFASProperty,PFAS_004,Dichloromethyl((perfluorohexyl)ethyl)silane,TPSA,0.0,Calculated,
EC_004_QED,PFASProperty,PFAS_004,Dichloromethyl((perfluorohexyl)ethyl)silane,QED,0.256,Calculated,
EC_005_logKow,PFASProperty,PFAS_005,"Perfluoro-1,3-dimethylcyclohexane",logKow,6.02,Experimental/Predicted,
EC_005_ExposureScore_Water,PFASProperty,PFAS_005,"Perfluoro-1,3-dimethylcyclohexane",ExposureScore_Water,0.3,Score,
EC_005_HazScore_EcoChronic,PFASProperty,PFAS_005,"Perfluoro-1,3-dimethylcyclohexane",HazScore_EcoChronic,0.01,Score,
EC_005_TPSA,PFASProperty,PFAS_005,"Perfluoro-1,3-dimethylcyclohexane",TPSA,0.0,Calculated,
EC_005_QED,PFASProperty,PFAS_005,"Perfluoro-1,3-dimethylcyclohexane",QED,0.4979,Calculated,
EC_006_logKow,PFASProperty,PFAS_006,Perfluorobutanoyl fluoride,logKow,1.27,Experimental/Predicted,
EC_006_ExposureScore_Water,PFASProperty,PFAS_006,Perfluorobutanoyl fluoride,ExposureScore_Water,0.28,Score,
EC_006_HazScore_EcoChronic,PFASProperty,PFAS_006,Perfluorobutanoyl fluoride,HazScore_EcoChronic,0.13,Score,
EC_006_TPSA,PFASProperty,PFAS_006,Perfluorobutanoyl fluoride,TPSA,17.07,Calculated,
EC_006_QED,PFASProperty,PFAS_006,Perfluorobutanoyl fluoride,QED,0.5109,Calculated,
EC_007_logKow,PFASProperty,PFAS_007,Perflunafene,logKow,5.68,Experimental/Predicted,
EC_007_ExposureScore_Water,PFASProperty,PFAS_007,Perflunafene,ExposureScore_Water,0.47,Score,
EC_007_HazScore_EcoChronic,PFASProperty,PFAS_007,Perflunafene,HazScore_EcoChronic,0.01,Score,
EC_007_TPSA,PFASProperty,PFAS_007,Perflunafene,TPSA,0.0,Calculated,
EC_007_QED,PFASProperty,PFAS_007,Perflunafene,QED,0.4169,Calculated,
EC_008_logKow,PFASProperty,PFAS_008,Perfluorooctane,logKow,6.17,Experimental/Predicted,
EC_008_ExposureScore_Water,PFASProperty,PFAS_008,Perfluorooctane,ExposureScore_Water,0.33,Score,
EC_008_HazScore_EcoChronic,PFASProperty,PFAS_008,Perfluorooctane,HazScore_EcoChronic,0.01,Score,
EC_008_TPSA,PFASProperty,PFAS_008,Perfluorooctane,TPSA,0.0,Calculated,
EC_008_QED,PFASProperty,PFAS_008,Perfluorooctane,QED,0.4679,Calculated,
EC_009_logKow,PFASProperty,PFAS_009,Perfluorooctanoyl fluoride,logKow,3.94,Experimental/Predicted,
EC_009_ExposureScore_Water,PFASProperty,PFAS_009,Perfluorooctanoyl fluoride,ExposureScore_Water,0.28,Score,
EC_009_HazScore_EcoChronic,PFASProperty,PFAS_009,Perfluorooctanoyl fluoride,HazScore_EcoChronic,0.01,Score,
EC_009_TPSA,PFASProperty,PFAS_009,Perfluorooctanoyl fluoride,TPSA,17.07,Calculated,
EC_009_QED,PFASProperty,PFAS_009,Perfluorooctanoyl fluoride,QED,0.447,Calculated,
EC_010_logKow,PFASProperty,PFAS_010,Perfluorohexanoyl fluoride,logKow,2.6,Experimental/Predicted,
EC_010_ExposureScore_Water,PFASProperty,PFAS_010,Perfluorohexanoyl fluoride,ExposureScore_Water,0.35,Score,
EC_010_HazScore_EcoChronic,PFASProperty,PFAS_010,Perfluorohexanoyl fluoride,HazScore_EcoChronic,0.02,Score,
EC_010_TPSA,PFASProperty,PFAS_010,Perfluorohexanoyl fluoride,TPSA,17.07,Calculated,
EC_010_QED,PFASProperty,PFAS_010,Perfluorohexanoyl fluoride,QED,0.5722,Calculated,
EC_011_logKow,PFASProperty,PFAS_011,"1H,1H,5H-Perfluoropentanol",logKow,1.97,Experimental/Predicted,
EC_011_ExposureScore_Water,PFASProperty,PFAS_011,"1H,1H,5H-Perfluoropentanol",ExposureScore_Water,0.32,Score,
EC_011_HazScore_EcoChronic,PFASProperty,PFAS_011,"1H,1H,5H-Perfluoropentanol",HazScore_EcoChronic,0.02,Score,
EC_011_TPSA,PFASProperty,PFAS_011,"1H,1H,5H-Perfluoropentanol",TPSA,20.23,Calculated,
EC_011_QED,PFASProperty,PFAS_011,"1H,1H,5H-Perfluoropentanol",QED,0.736,Calculated,
EC_012_logKow,PFASProperty,PFAS_012,Perfluorooctyl iodide,logKow,6.99,Experimental/Predicted,
EC_012_ExposureScore_Water,PFASProperty,PFAS_012,Perfluorooctyl iodide,ExposureScore_Water,0.28,Score,
EC_012_HazScore_EcoChronic,PFASProperty,PFAS_012,Perfluorooctyl iodide,HazScore_EcoChronic,0.03,Score,
EC_012_TPSA,PFASProperty,PFAS_012,Perfluorooctyl iodide,TPSA,0.0,Calculated,
EC_012_QED,PFASProperty,PFAS_012,Perfluorooctyl iodide,QED,0.2061,Calculated,
EC_013_logKow,PFASProperty,PFAS_013,N-(4-Hydroxybutyl)-N-methylperfluorooctanesulfonamide,logKow,6.49,Experimental/Predicted,
EC_013_ExposureScore_Water,PFASProperty,PFAS_013,N-(4-Hydroxybutyl)-N-methylperfluorooctanesulfonamide,ExposureScore_Water,0.2,Score,
EC_013_HazScore_EcoChronic,PFASProperty,PFAS_013,N-(4-Hydroxybutyl)-N-methylperfluorooctanesulfonamide,HazScore_EcoChronic,0.08,Score,
EC_013_TPSA,PFASProperty,PFAS_013,N-(4-Hydroxybutyl)-N-methylperfluorooctanesulfonamide,TPSA,57.61,Calculated,
EC_013_QED,PFASProperty,PFAS_013,N-(4-Hydroxybutyl)-N-methylperfluorooctanesulfonamide,QED,0.2598,Calculated,
EC_014_logKow,PFASProperty,PFAS_014,Ethyl perfluorobutyl ether,logKow,3.83,Experimental/Predicted,
EC_014_ExposureScore_Water,PFASProperty,PFAS_014,Ethyl perfluorobutyl ether,ExposureScore_Water,0.51,Score,
EC_014_HazScore_EcoChronic,PFASProperty,PFAS_014,Ethyl perfluorobutyl ether,HazScore_EcoChronic,0.03,Score,
EC_014_TPSA,PFASProperty,PFAS_014,Ethyl perfluorobutyl ether,TPSA,9.23,Calculated,
EC_014_QED,PFASProperty,PFAS_014,Ethyl perfluorobutyl ether,QED,0.7065,Calculated,
EC_015_logKow,PFASProperty,PFAS_015,Perfluoromethyldecalin,logKow,6.47,Experimental/Predicted,
EC_015_ExposureScore_Water,PFASProperty,PFAS_015,Perfluoromethyldecalin,ExposureScore_Water,0.2,Score,
EC_015_TPSA,PFASProperty,PFAS_015,Perfluoromethyldecalin,TPSA,0.0,Calculated,
EC_015_QED,PFASProperty,PFAS_015,Perfluoromethyldecalin,QED,0.3422,Calculated,
EC_016_ExposureScore_Water,PFASProperty,PFAS_016,"3-((Perfluorooctylsulfonyl)-2-hydroxy-3-sulfopropylamino)-N-(2-hydroxyethyl)-N,N-dimethyl-1-propanaminium  monosodium hydroxide",ExposureScore_Water,0.24,Score,
EC_016_HazScore_EcoChronic,PFASProperty,PFAS_016,"3-((Perfluorooctylsulfonyl)-2-hydroxy-3-sulfopropylamino)-N-(2-hydroxyethyl)-N,N-dimethyl-1-propanaminium  monosodium hydroxide",HazScore_EcoChronic,0.08,Score,
EC_016_TPSA,PFASProperty,PFAS_016,"3-((Perfluorooctylsulfonyl)-2-hydroxy-3-sulfopropylamino)-N-(2-hydroxyethyl)-N,N-dimethyl-1-propanaminium  monosodium hydroxide",TPSA,165.04,Calculated,
EC_016_QED,PFASProperty,PFAS_016,"3-((Perfluorooctylsulfonyl)-2-hydroxy-3-sulfopropylamino)-N-(2-hydroxyethyl)-N,N-dimethyl-1-propanaminium  monosodium hydroxide",QED,0.0832,Calculated,
EC_017_ExposureScore_Water,PFASProperty,PFAS_017,"Ammonium perfluoro[(5-methoxy-1,3-dioxolan-4-yl)oxy]acetate",ExposureScore_Water,0.34,Score,
EC_017_HazScore_EcoChronic,PFASProperty,PFAS_017,"Ammonium perfluoro[(5-methoxy-1,3-dioxolan-4-yl)oxy]acetate",HazScore_EcoChronic,0.04,Score,
EC_017_TPSA,PFASProperty,PFAS_017,"Ammonium perfluoro[(5-methoxy-1,3-dioxolan-4-yl)oxy]acetate",TPSA,113.55,Calculated,
EC_017_QED,PFASProperty,PFAS_017,"Ammonium perfluoro[(5-methoxy-1,3-dioxolan-4-yl)oxy]acetate",QED,0.7541,Calculated,
EC_018_logKow,PFASProperty,PFAS_018,"Perfluoro-2,5-dimethyl-3,6-dioxanonanoic acid",logKow,5.55,Experimental/Predicted,
EC_018_ExposureScore_Water,PFASProperty,PFAS_018,"Perfluoro-2,5-dimethyl-3,6-dioxanonanoic acid",ExposureScore_Water,0.2,Score,
EC_018_HazScore_EcoChronic,PFASProperty,PFAS_018,"Perfluoro-2,5-dimethyl-3,6-dioxanonanoic acid",HazScore_EcoChronic,0.09,Score,
EC_018_TPSA,PFASProperty,PFAS_018,"Perfluoro-2,5-dimethyl-3,6-dioxanonanoic acid",TPSA,55.76,Calculated,
EC_018_QED,PFASProperty,PFAS_018,"Perfluoro-2,5-dimethyl-3,6-dioxanonanoic acid",QED,0.5079,Calculated,
EC_019_logKow,PFASProperty,PFAS_019,N-Ethylperfluorooctane sulfonamide (N-EtFOSA),logKow,6.76,Experimental/Predicted,
EC_019_ExposureScore_Water,PFASProperty,PFAS_019,N-Ethylperfluorooctane sulfonamide (N-EtFOSA),ExposureScore_Water,0.38,Score,
EC_019_HazScore_EcoChronic,PFASProperty,PFAS_019,N-Ethylperfluorooctane sulfonamide (N-EtFOSA),HazScore_EcoChronic,0.06,Score,
EC_019_TPSA,PFASProperty,PFAS_019,N-Ethylperfluorooctane sulfonamide (N-EtFOSA),TPSA,46.17,Calculated,
EC_019_QED,PFASProperty,PFAS_019,N-Ethylperfluorooctane sulfonamide (N-EtFOSA),QED,0.4346,Calculated,
EC_020_logKow,PFASProperty,PFAS_020,Perfluoroheptanoic acid (PFHpA),logKow,4.15,Experimental/Predicted,
EC_020_ExposureScore_Water,PFASProperty,PFAS_020,Perfluoroheptanoic acid (PFHpA),ExposureScore_Water,0.21,Score,
EC_020_HazScore_EcoChronic,PFASProperty,PFAS_020,Perfluoroheptanoic acid (PFHpA),HazScore_EcoChronic,0.02,Score,
EC_020_TPSA,PFASProperty,PFAS_020,Perfluoroheptanoic acid (PFHpA),TPSA,37.3,Calculated,
EC_020_QED,PFASProperty,PFAS_020,Perfluoroheptanoic acid (PFHpA),QED,0.7539,Calculated,
EC_021_logKow,PFASProperty,PFAS_021,2-(N-Methylperfluorooctanesulfonamido)acetic acid (MeFOSAA),logKow,5.73,Experimental/Predicted,
EC_021_ExposureScore_Water,PFASProperty,PFAS_021,2-(N-Methylperfluorooctanesulfonamido)acetic acid (MeFOSAA),ExposureScore_Water,0.06,Score,
EC_021_HazScore_EcoChronic,PFASProperty,PFAS_021,2-(N-Methylperfluorooctanesulfonamido)acetic acid (MeFOSAA),HazScore_EcoChronic,0.06,Score,
EC_021_TPSA,PFASProperty,PFAS_021,2-(N-Methylperfluorooctanesulfonamido)acetic acid (MeFOSAA),TPSA,74.68,Calculated,
EC_021_QED,PFASProperty,PFAS_021,2-(N-Methylperfluorooctanesulfonamido)acetic acid (MeFOSAA),QED,0.3975,Calculated,
EC_022_logKow,PFASProperty,PFAS_022,(Perfluorododecyl)ethyl methacrylate,logKow,10.33,Experimental/Predicted,
EC_022_ExposureScore_Water,PFASProperty,PFAS_022,(Perfluorododecyl)ethyl methacrylate,ExposureScore_Water,0.31,Score,
EC_022_HazScore_EcoChronic,PFASProperty,PFAS_022,(Perfluorododecyl)ethyl methacrylate,HazScore_EcoChronic,0.08,Score,
EC_022_TPSA,PFASProperty,PFAS_022,(Perfluorododecyl)ethyl methacrylate,TPSA,26.3,Calculated,
EC_022_QED,PFASProperty,PFAS_022,(Perfluorododecyl)ethyl methacrylate,QED,0.1013,Calculated,
EC_023_logKow,PFASProperty,PFAS_023,Perfluorooctadecanoic acid (PFODA),logKow,11.51,Experimental/Predicted,
EC_023_ExposureScore_Water,PFASProperty,PFAS_023,Perfluorooctadecanoic acid (PFODA),ExposureScore_Water,0.17,Score,
EC_023_HazScore_EcoChronic,PFASProperty,PFAS_023,Perfluorooctadecanoic acid (PFODA),HazScore_EcoChronic,0.01,Score,
EC_023_TPSA,PFASProperty,PFAS_023,Perfluorooctadecanoic acid (PFODA),TPSA,37.3,Calculated,
EC_023_QED,PFASProperty,PFAS_023,Perfluorooctadecanoic acid (PFODA),QED,0.1567,Calculated,
EC_024_logKow,PFASProperty,PFAS_024,(Perfluorodecanyl)ethylsulfonyl chloride,logKow,8.99,Experimental/Predicted,
EC_024_ExposureScore_Water,PFASProperty,PFAS_024,(Perfluorodecanyl)ethylsulfonyl chloride,ExposureScore_Water,0.2,Score,
EC_024_HazScore_EcoChronic,PFASProperty,PFAS_024,(Perfluorodecanyl)ethylsulfonyl chloride,HazScore_EcoChronic,0.08,Score,
EC_024_TPSA,PFASProperty,PFAS_024,(Perfluorodecanyl)ethylsulfonyl chloride,TPSA,34.14,Calculated,
EC_024_QED,PFASProperty,PFAS_024,(Perfluorodecanyl)ethylsulfonyl chloride,QED,0.1756,Calculated,
EC_025_logKow,PFASProperty,PFAS_025,N-Methylperfluorooctanesulfonamide (N-MeFOSA),logKow,6.27,Experimental/Predicted,
EC_025_ExposureScore_Water,PFASProperty,PFAS_025,N-Methylperfluorooctanesulfonamide (N-MeFOSA),ExposureScore_Water,0.29,Score,
EC_025_HazScore_EcoChronic,PFASProperty,PFAS_025,N-Methylperfluorooctanesulfonamide (N-MeFOSA),HazScore_EcoChronic,0.02,Score,
EC_025_TPSA,PFASProperty,PFAS_025,N-Methylperfluorooctanesulfonamide (N-MeFOSA),TPSA,46.17,Calculated,
EC_025_QED,PFASProperty,PFAS_025,N-Methylperfluorooctanesulfonamide (N-MeFOSA),QED,0.4865,Calculated,
EC_026_logKow,PFASProperty,PFAS_026,2-(Perfluorobutyl)ethyl acrylate,logKow,4.43,Experimental/Predicted,
EC_026_ExposureScore_Water,PFASProperty,PFAS_026,2-(Perfluorobutyl)ethyl acrylate,ExposureScore_Water,0.2,Score,
EC_026_HazScore_EcoChronic,PFASProperty,PFAS_026,2-(Perfluorobutyl)ethyl acrylate,HazScore_EcoChronic,0.01,Score,
EC_026_TPSA,PFASProperty,PFAS_026,2-(Perfluorobutyl)ethyl acrylate,TPSA,26.3,Calculated,
EC_026_QED,PFASProperty,PFAS_026,2-(Perfluorobutyl)ethyl acrylate,QED,0.4251,Calculated,
EC_027_logKow,PFASProperty,PFAS_027,N-Ethyl--N-[2-(phosphonooxy)ethyl]perfluoroheptanesulfonamide,logKow,5.25,Experimental/Predicted,
EC_027_ExposureScore_Water,PFASProperty,PFAS_027,N-Ethyl--N-[2-(phosphonooxy)ethyl]perfluoroheptanesulfonamide,ExposureScore_Water,0.2,Score,
EC_027_HazScore_EcoChronic,PFASProperty,PFAS_027,N-Ethyl--N-[2-(phosphonooxy)ethyl]perfluoroheptanesulfonamide,HazScore_EcoChronic,0.08,Score,
EC_027_TPSA,PFASProperty,PFAS_027,N-Ethyl--N-[2-(phosphonooxy)ethyl]perfluoroheptanesulfonamide,TPSA,104.14,Calculated,
EC_027_QED,PFASProperty,PFAS_027,N-Ethyl--N-[2-(phosphonooxy)ethyl]perfluoroheptanesulfonamide,QED,0.2584,Calculated,
EC_028_logKow,PFASProperty,PFAS_028,N-(2-Hydroxyethyl)-N-methylperfluorohexanesulfonamide,logKow,4.17,Experimental/Predicted,
EC_028_ExposureScore_Water,PFASProperty,PFAS_028,N-(2-Hydroxyethyl)-N-methylperfluorohexanesulfonamide,ExposureScore_Water,0.3,Score,
EC_028_HazScore_EcoChronic,PFASProperty,PFAS_028,N-(2-Hydroxyethyl)-N-methylperfluorohexanesulfonamide,HazScore_EcoChronic,0.13,Score,
EC_028_TPSA,PFASProperty,PFAS_028,N-(2-Hydroxyethyl)-N-methylperfluorohexanesulfonamide,TPSA,57.61,Calculated,
EC_028_QED,PFASProperty,PFAS_028,N-(2-Hydroxyethyl)-N-methylperfluorohexanesulfonamide,QED,0.5709,Calculated,
EC_029_logKow,PFASProperty,PFAS_029,Perfluorobutane sulfonamido amine,logKow,3.78,Experimental/Predicted,
EC_029_ExposureScore_Water,PFASProperty,PFAS_029,Perfluorobutane sulfonamido amine,ExposureScore_Water,0.24,Score,
EC_029_TPSA,PFASProperty,PFAS_029,Perfluorobutane sulfonamido amine,TPSA,49.41,Calculated,
EC_029_QED,PFASProperty,PFAS_029,Perfluorobutane sulfonamido amine,QED,0.5162,Calculated,
EC_030_ExposureScore_Water,PFASProperty,PFAS_030,Bis(2-hydroxyethyl)ammonium perfluorohexanesulfonate,ExposureScore_Water,0.24,Score,
EC_030_HazScore_EcoChronic,PFASProperty,PFAS_030,Bis(2-hydroxyethyl)ammonium perfluorohexanesulfonate,HazScore_EcoChronic,0.08,Score,
EC_030_TPSA,PFASProperty,PFAS_030,Bis(2-hydroxyethyl)ammonium perfluorohexanesulfonate,TPSA,114.27,Calculated,
EC_030_QED,PFASProperty,PFAS_030,Bis(2-hydroxyethyl)ammonium perfluorohexanesulfonate,QED,0.2435,Calculated,
EC_031_ExposureScore_Water,PFASProperty,PFAS_031,Bis(2-hydroxyethyl)ammonium perfluorobutanesulfonate,ExposureScore_Water,0.24,Score,
EC_031_HazScore_EcoChronic,PFASProperty,PFAS_031,Bis(2-hydroxyethyl)ammonium perfluorobutanesulfonate,HazScore_EcoChronic,0.08,Score,
EC_031_TPSA,PFASProperty,PFAS_031,Bis(2-hydroxyethyl)ammonium perfluorobutanesulfonate,TPSA,114.27,Calculated,
EC_031_QED,PFASProperty,PFAS_031,Bis(2-hydroxyethyl)ammonium perfluorobutanesulfonate,QED,0.3001,Calculated,
EC_032_logKow,PFASProperty,PFAS_032,"3-(Perfluorooctanesulfonamido)-N,N,N-trimethylpropan-1-aminium",logKow,5.49,Experimental/Predicted,
EC_032_ExposureScore_Water,PFASProperty,PFAS_032,"3-(Perfluorooctanesulfonamido)-N,N,N-trimethylpropan-1-aminium",ExposureScore_Water,0.23,Score,
EC_032_HazScore_EcoChronic,PFASProperty,PFAS_032,"3-(Perfluorooctanesulfonamido)-N,N,N-trimethylpropan-1-aminium",HazScore_EcoChronic,0.08,Score,
EC_032_TPSA,PFASProperty,PFAS_032,"3-(Perfluorooctanesulfonamido)-N,N,N-trimethylpropan-1-aminium",TPSA,172.6,Calculated,
EC_032_QED,PFASProperty,PFAS_032,"3-(Perfluorooctanesulfonamido)-N,N,N-trimethylpropan-1-aminium",QED,0.0318,Calculated,
EC_033_logKow,PFASProperty,PFAS_033,Perfluoro-1-(perfluoroethyl)cyclohexanesulfonic acid,logKow,2.5,Experimental/Predicted,
EC_033_ExposureScore_Water,PFASProperty,PFAS_033,Perfluoro-1-(perfluoroethyl)cyclohexanesulfonic acid,ExposureScore_Water,0.29,Score,
EC_033_HazScore_EcoChronic,PFASProperty,PFAS_033,Perfluoro-1-(perfluoroethyl)cyclohexanesulfonic acid,HazScore_EcoChronic,0.02,Score,
EC_033_TPSA,PFASProperty,PFAS_033,Perfluoro-1-(perfluoroethyl)cyclohexanesulfonic acid,TPSA,57.2,Calculated,
EC_033_QED,PFASProperty,PFAS_033,Perfluoro-1-(perfluoroethyl)cyclohexanesulfonic acid,QED,0.3185,Calculated,
EC_034_logKow,PFASProperty,PFAS_034,"1,6-Divinylperfluorohexane",logKow,6.64,Experimental/Predicted,
EC_034_ExposureScore_Water,PFASProperty,PFAS_034,"1,6-Divinylperfluorohexane",ExposureScore_Water,0.24,Score,
EC_034_HazScore_EcoChronic,PFASProperty,PFAS_034,"1,6-Divinylperfluorohexane",HazScore_EcoChronic,0.06,Score,
EC_034_TPSA,PFASProperty,PFAS_034,"1,6-Divinylperfluorohexane",TPSA,0.0,Calculated,
EC_034_QED,PFASProperty,PFAS_034,"1,6-Divinylperfluorohexane",QED,0.4371,Calculated,
EC_035_logKow,PFASProperty,PFAS_035,1H-Perfluorohexane,logKow,4.22,Experimental/Predicted,
EC_035_ExposureScore_Water,PFASProperty,PFAS_035,1H-Perfluorohexane,ExposureScore_Water,0.31,Score,
EC_035_HazScore_EcoChronic,PFASProperty,PFAS_035,1H-Perfluorohexane,HazScore_EcoChronic,0.01,Score,
EC_035_TPSA,PFASProperty,PFAS_035,1H-Perfluorohexane,TPSA,0.0,Calculated,
EC_035_QED,PFASProperty,PFAS_035,1H-Perfluorohexane,QED,0.6755,Calculated,
EC_036_logKow,PFASProperty,PFAS_036,Perfluoroethane,logKow,2.15,Experimental/Predicted,
EC_036_ExposureScore_Water,PFASProperty,PFAS_036,Perfluoroethane,ExposureScore_Water,0.42,Score,
EC_036_TPSA,PFASProperty,PFAS_036,Perfluoroethane,TPSA,0.0,Calculated,
EC_036_QED,PFASProperty,PFAS_036,Perfluoroethane,QED,0.4494,Calculated,
EC_037_logKow,PFASProperty,PFAS_037,1-(Perfluorohexyl)octane,logKow,8.82,Experimental/Predicted,
EC_037_ExposureScore_Water,PFASProperty,PFAS_037,1-(Perfluorohexyl)octane,ExposureScore_Water,0.35,Score,
EC_037_HazScore_EcoChronic,PFASProperty,PFAS_037,1-(Perfluorohexyl)octane,HazScore_EcoChronic,0.01,Score,
EC_037_TPSA,PFASProperty,PFAS_037,1-(Perfluorohexyl)octane,TPSA,0.0,Calculated,
EC_037_QED,PFASProperty,PFAS_037,1-(Perfluorohexyl)octane,QED,0.2347,Calculated,
EC_038_logKow,PFASProperty,PFAS_038,"1H,1H,2H,2H-Perfluorooctyl iodide",logKow,6.63,Experimental/Predicted,
EC_038_ExposureScore_Water,PFASProperty,PFAS_038,"1H,1H,2H,2H-Perfluorooctyl iodide",ExposureScore_Water,0.36,Score,
EC_038_HazScore_EcoChronic,PFASProperty,PFAS_038,"1H,1H,2H,2H-Perfluorooctyl iodide",HazScore_EcoChronic,0.01,Score,
EC_038_TPSA,PFASProperty,PFAS_038,"1H,1H,2H,2H-Perfluorooctyl iodide",TPSA,0.0,Calculated,
EC_038_QED,PFASProperty,PFAS_038,"1H,1H,2H,2H-Perfluorooctyl iodide",QED,0.2694,Calculated,
EC_039_logKow,PFASProperty,PFAS_039,Ethyl perfluoropropionate,logKow,2.25,Experimental/Predicted,
EC_039_ExposureScore_Water,PFASProperty,PFAS_039,Ethyl perfluoropropionate,ExposureScore_Water,0.2,Score,
EC_039_HazScore_EcoChronic,PFASProperty,PFAS_039,Ethyl perfluoropropionate,HazScore_EcoChronic,0.01,Score,
EC_039_TPSA,PFASProperty,PFAS_039,Ethyl perfluoropropionate,TPSA,26.3,Calculated,
EC_039_QED,PFASProperty,PFAS_039,Ethyl perfluoropropionate,QED,0.4917,Calculated,
EC_040_logKow,PFASProperty,PFAS_040,"1-Iodo-1H,1H,2H,2H-perfluorotetradecane",logKow,10.65,Experimental/Predicted,
EC_040_ExposureScore_Water,PFASProperty,PFAS_040,"1-Iodo-1H,1H,2H,2H-perfluorotetradecane",ExposureScore_Water,0.24,Score,
EC_040_HazScore_EcoChronic,PFASProperty,PFAS_040,"1-Iodo-1H,1H,2H,2H-perfluorotetradecane",HazScore_EcoChronic,0.02,Score,
EC_040_TPSA,PFASProperty,PFAS_040,"1-Iodo-1H,1H,2H,2H-perfluorotetradecane",TPSA,0.0,Calculated,
EC_040_QED,PFASProperty,PFAS_040,"1-Iodo-1H,1H,2H,2H-perfluorotetradecane",QED,0.1055,Calculated,
EC_041_logKow,PFASProperty,PFAS_041,Perfluoroheptane sulfonamido amine,logKow,5.79,Experimental/Predicted,
EC_041_ExposureScore_Water,PFASProperty,PFAS_041,Perfluoroheptane sulfonamido amine,ExposureScore_Water,0.2,Score,
EC_041_HazScore_EcoChronic,PFASProperty,PFAS_041,Perfluoroheptane sulfonamido amine,HazScore_EcoChronic,0.2,Score,
EC_041_TPSA,PFASProperty,PFAS_041,Perfluoroheptane sulfonamido amine,TPSA,49.41,Calculated,
EC_041_QED,PFASProperty,PFAS_041,Perfluoroheptane sulfonamido amine,QED,0.3198,Calculated,
EC_042_logKow,PFASProperty,PFAS_042,N-Ethyl-N-[2-(phosphonooxy)ethyl]perfluorohexanesulfonamide,logKow,4.58,Experimental/Predicted,
EC_042_ExposureScore_Water,PFASProperty,PFAS_042,N-Ethyl-N-[2-(phosphonooxy)ethyl]perfluorohexanesulfonamide,ExposureScore_Water,0.2,Score,
EC_042_HazScore_EcoChronic,PFASProperty,PFAS_042,N-Ethyl-N-[2-(phosphonooxy)ethyl]perfluorohexanesulfonamide,HazScore_EcoChronic,0.08,Score,
EC_042_TPSA,PFASProperty,PFAS_042,N-Ethyl-N-[2-(phosphonooxy)ethyl]perfluorohexanesulfonamide,TPSA,104.14,Calculated,
EC_042_QED,PFASProperty,PFAS_042,N-Ethyl-N-[2-(phosphonooxy)ethyl]perfluorohexanesulfonamide,QED,0.3015,Calculated,
EC_043_ExposureScore_Water,PFASProperty,PFAS_043,Bis(2-hydroxyethyl)ammonium perfluorooctanesulfonic acid,ExposureScore_Water,0.56,Score,
EC_043_HazScore_EcoChronic,PFASProperty,PFAS_043,Bis(2-hydroxyethyl)ammonium perfluorooctanesulfonic acid,HazScore_EcoChronic,0.46,Score,
EC_043_TPSA,PFASProperty,PFAS_043,Bis(2-hydroxyethyl)ammonium perfluorooctanesulfonic acid,TPSA,114.27,Calculated,
EC_043_QED,PFASProperty,PFAS_043,Bis(2-hydroxyethyl)ammonium perfluorooctanesulfonic acid,QED,0.1897,Calculated,
EC_044_logKow,PFASProperty,PFAS_044,Perfluorobutanesulfonyl fluoride,logKow,5.16,Experimental/Predicted,
EC_044_ExposureScore_Water,PFASProperty,PFAS_044,Perfluorobutanesulfonyl fluoride,ExposureScore_Water,0.33,Score,
EC_044_HazScore_EcoChronic,PFASProperty,PFAS_044,Perfluorobutanesulfonyl fluoride,HazScore_EcoChronic,0.06,Score,
EC_044_TPSA,PFASProperty,PFAS_044,Perfluorobutanesulfonyl fluoride,TPSA,34.14,Calculated,
EC_044_QED,PFASProperty,PFAS_044,Perfluorobutanesulfonyl fluoride,QED,0.5932,Calculated,
EC_045_logKow,PFASProperty,PFAS_045,"Perfluoro-1,2-dimethylcyclobutane",logKow,4.62,Experimental/Predicted,
EC_045_ExposureScore_Water,PFASProperty,PFAS_045,"Perfluoro-1,2-dimethylcyclobutane",ExposureScore_Water,0.2,Score,
EC_045_HazScore_EcoChronic,PFASProperty,PFAS_045,"Perfluoro-1,2-dimethylcyclobutane",HazScore_EcoChronic,0.01,Score,
EC_045_TPSA,PFASProperty,PFAS_045,"Perfluoro-1,2-dimethylcyclobutane",TPSA,0.0,Calculated,
EC_045_QED,PFASProperty,PFAS_045,"Perfluoro-1,2-dimethylcyclobutane",QED,0.5968,Calculated,
EC_046_logKow,PFASProperty,PFAS_046,(Perfluoro-7-methyloctyl)-2-hydroxypropyl dihydrogen phosphate,logKow,5.47,Experimental/Predicted,
EC_046_ExposureScore_Water,PFASProperty,PFAS_046,(Perfluoro-7-methyloctyl)-2-hydroxypropyl dihydrogen phosphate,ExposureScore_Water,0.24,Score,
EC_046_HazScore_EcoChronic,PFASProperty,PFAS_046,(Perfluoro-7-methyloctyl)-2-hydroxypropyl dihydrogen phosphate,HazScore_EcoChronic,0.08,Score,
EC_046_TPSA,PFASProperty,PFAS_046,(Perfluoro-7-methyloctyl)-2-hydroxypropyl dihydrogen phosphate,TPSA,86.99,Calculated,
EC_046_QED,PFASProperty,PFAS_046,(Perfluoro-7-methyloctyl)-2-hydroxypropyl dihydrogen phosphate,QED,0.2093,Calculated,
EC_047_logKow,PFASProperty,PFAS_047,3-(Perfluoro(9-methyldecyl))-2-hydroxypropyl dihydrogen phosphate,logKow,6.81,Experimental/Predicted,
EC_047_ExposureScore_Water,PFASProperty,PFAS_047,3-(Perfluoro(9-methyldecyl))-2-hydroxypropyl dihydrogen phosphate,ExposureScore_Water,0.2,Score,
EC_047_HazScore_EcoChronic,PFASProperty,PFAS_047,3-(Perfluoro(9-methyldecyl))-2-hydroxypropyl dihydrogen phosphate,HazScore_EcoChronic,0.08,Score,
EC_047_TPSA,PFASProperty,PFAS_047,3-(Perfluoro(9-methyldecyl))-2-hydroxypropyl dihydrogen phosphate,TPSA,86.99,Calculated,
EC_047_QED,PFASProperty,PFAS_047,3-(Perfluoro(9-methyldecyl))-2-hydroxypropyl dihydrogen phosphate,QED,0.1445,Calculated,
EC_048_logKow,PFASProperty,PFAS_048,"N,N-Dimethyl-N-(2-hydroxyethyl)-3-((2-hydroxy-3-sulfopropyl)((perfluorohexyl)sulfonyl)amino)propanaminium hydroxide sodium",logKow,0.02,Experimental/Predicted,
EC_048_ExposureScore_Water,PFASProperty,PFAS_048,"N,N-Dimethyl-N-(2-hydroxyethyl)-3-((2-hydroxy-3-sulfopropyl)((perfluorohexyl)sulfonyl)amino)propanaminium hydroxide sodium",ExposureScore_Water,0.24,Score,
EC_048_HazScore_EcoChronic,PFASProperty,PFAS_048,"N,N-Dimethyl-N-(2-hydroxyethyl)-3-((2-hydroxy-3-sulfopropyl)((perfluorohexyl)sulfonyl)amino)propanaminium hydroxide sodium",HazScore_EcoChronic,0.08,Score,
EC_048_TPSA,PFASProperty,PFAS_048,"N,N-Dimethyl-N-(2-hydroxyethyl)-3-((2-hydroxy-3-sulfopropyl)((perfluorohexyl)sulfonyl)amino)propanaminium hydroxide sodium",TPSA,165.04,Calculated,
EC_048_QED,PFASProperty,PFAS_048,"N,N-Dimethyl-N-(2-hydroxyethyl)-3-((2-hydroxy-3-sulfopropyl)((perfluorohexyl)sulfonyl)amino)propanaminium hydroxide sodium",QED,0.0843,Calculated,
EC_049_logKow,PFASProperty,PFAS_049,3-Methoxyperfluoro(2-methylpentane),logKow,4.61,Experimental/Predicted,
EC_049_ExposureScore_Water,PFASProperty,PFAS_049,3-Methoxyperfluoro(2-methylpentane),ExposureScore_Water,0.31,Score,
EC_049_HazScore_EcoChronic,PFASProperty,PFAS_049,3-Methoxyperfluoro(2-methylpentane),HazScore_EcoChronic,0.01,Score,
EC_049_TPSA,PFASProperty,PFAS_049,3-Methoxyperfluoro(2-methylpentane),TPSA,9.23,Calculated,
EC_049_QED,PFASProperty,PFAS_049,3-Methoxyperfluoro(2-methylpentane),QED,0.6889,Calculated,
EC_050_logKow,PFASProperty,PFAS_050,Perfluorododecane,logKow,8.85,Experimental/Predicted,
EC_050_ExposureScore_Water,PFASProperty,PFAS_050,Perfluorododecane,ExposureScore_Water,0.2,Score,
EC_050_HazScore_EcoChronic,PFASProperty,PFAS_050,Perfluorododecane,HazScore_EcoChronic,0.01,Score,
EC_050_TPSA,PFASProperty,PFAS_050,Perfluorododecane,TPSA,0.0,Calculated,
EC_050_QED,PFASProperty,PFAS_050,Perfluorododecane,QED,0.2226,Calculated,
EC_051_logKow,PFASProperty,PFAS_051,"Perfluoro-1,4-diiodobutane",logKow,5.13,Experimental/Predicted,
EC_051_ExposureScore_Water,PFASProperty,PFAS_051,"Perfluoro-1,4-diiodobutane",ExposureScore_Water,0.21,Score,
EC_051_HazScore_EcoChronic,PFASProperty,PFAS_051,"Perfluoro-1,4-diiodobutane",HazScore_EcoChronic,0.26,Score,
EC_051_TPSA,PFASProperty,PFAS_051,"Perfluoro-1,4-diiodobutane",TPSA,0.0,Calculated,
EC_051_QED,PFASProperty,PFAS_051,"Perfluoro-1,4-diiodobutane",QED,0.3392,Calculated,
EC_052_logKow,PFASProperty,PFAS_052,Perfluorodecanoic acid (PFDA),logKow,6.15,Experimental/Predicted,
EC_052_ExposureScore_Water,PFASProperty,PFAS_052,Perfluorodecanoic acid (PFDA),ExposureScore_Water,0.29,Score,
EC_052_HazScore_EcoChronic,PFASProperty,PFAS_052,Perfluorodecanoic acid (PFDA),HazScore_EcoChronic,0.33,Score,
EC_052_TPSA,PFASProperty,PFAS_052,Perfluorodecanoic acid (PFDA),TPSA,37.3,Calculated,
EC_052_QED,PFASProperty,PFAS_052,Perfluorodecanoic acid (PFDA),QED,0.4217,Calculated,
EC_053_logKow,PFASProperty,PFAS_053,Perfluorohexanoic acid (PFHxA),logKow,3.48,Experimental/Predicted,
EC_053_ExposureScore_Water,PFASProperty,PFAS_053,Perfluorohexanoic acid (PFHxA),ExposureScore_Water,0.21,Score,
EC_053_HazScore_EcoChronic,PFASProperty,PFAS_053,Perfluorohexanoic acid (PFHxA),HazScore_EcoChronic,0.04,Score,
EC_053_TPSA,PFASProperty,PFAS_053,Perfluorohexanoic acid (PFHxA),TPSA,37.3,Calculated,
EC_053_QED,PFASProperty,PFAS_053,Perfluorohexanoic acid (PFHxA),QED,0.8094,Calculated,
EC_054_logKow,PFASProperty,PFAS_054,Perfluorooctane sulfonic acid and its derivatives (PFOS),logKow,4.49,Experimental/Predicted,
EC_054_ExposureScore_Water,PFASProperty,PFAS_054,Perfluorooctane sulfonic acid and its derivatives (PFOS),ExposureScore_Water,0.29,Score,
EC_054_HazScore_EcoChronic,PFASProperty,PFAS_054,Perfluorooctane sulfonic acid and its derivatives (PFOS),HazScore_EcoChronic,0.47,Score,
EC_054_TPSA,PFASProperty,PFAS_054,Perfluorooctane sulfonic acid and its derivatives (PFOS),TPSA,54.37,Calculated,
EC_054_QED,PFASProperty,PFAS_054,Perfluorooctane sulfonic acid and its derivatives (PFOS),QED,0.4025,Calculated,
EC_055_logKow,PFASProperty,PFAS_055,Perfluoroundecane,logKow,8.18,Experimental/Predicted,
EC_055_ExposureScore_Water,PFASProperty,PFAS_055,Perfluoroundecane,ExposureScore_Water,0.44,Score,
EC_055_HazScore_EcoChronic,PFASProperty,PFAS_055,Perfluoroundecane,HazScore_EcoChronic,0.01,Score,
EC_055_TPSA,PFASProperty,PFAS_055,Perfluoroundecane,TPSA,0.0,Calculated,
EC_055_QED,PFASProperty,PFAS_055,Perfluoroundecane,QED,0.254,Calculated,
EC_056_logKow,PFASProperty,PFAS_056,1-(Perfluorohexyl)ethane,logKow,5.87,Experimental/Predicted,
EC_056_ExposureScore_Water,PFASProperty,PFAS_056,1-(Perfluorohexyl)ethane,ExposureScore_Water,0.27,Score,
EC_056_HazScore_EcoChronic,PFASProperty,PFAS_056,1-(Perfluorohexyl)ethane,HazScore_EcoChronic,0.01,Score,
EC_056_TPSA,PFASProperty,PFAS_056,1-(Perfluorohexyl)ethane,TPSA,0.0,Calculated,
EC_056_QED,PFASProperty,PFAS_056,1-(Perfluorohexyl)ethane,QED,0.6042,Calculated,
EC_057_logKow,PFASProperty,PFAS_057,Perfluorooctanesulfonamide (PFOSA),logKow,5.8,Experimental/Predicted,
EC_057_ExposureScore_Water,PFASProperty,PFAS_057,Perfluorooctanesulfonamide (PFOSA),ExposureScore_Water,0.27,Score,
EC_057_HazScore_EcoChronic,PFASProperty,PFAS_057,Perfluorooctanesulfonamide (PFOSA),HazScore_EcoChronic,0.19,Score,
EC_057_TPSA,PFASProperty,PFAS_057,Perfluorooctanesulfonamide (PFOSA),TPSA,60.16,Calculated,
EC_057_QED,PFASProperty,PFAS_057,Perfluorooctanesulfonamide (PFOSA),QED,0.5335,Calculated,
EC_058_logKow,PFASProperty,PFAS_058,Perfluorodecane sulfonic acid (PFDS),logKow,5.83,Experimental/Predicted,
EC_058_ExposureScore_Water,PFASProperty,PFAS_058,Perfluorodecane sulfonic acid (PFDS),ExposureScore_Water,0.43,Score,
EC_058_HazScore_EcoChronic,PFASProperty,PFAS_058,Perfluorodecane sulfonic acid (PFDS),HazScore_EcoChronic,0.08,Score,
EC_058_TPSA,PFASProperty,PFAS_058,Perfluorodecane sulfonic acid (PFDS),TPSA,93.7,Calculated,
EC_058_QED,PFASProperty,PFAS_058,Perfluorodecane sulfonic acid (PFDS),QED,0.2489,Calculated,
EC_059_logKow,PFASProperty,PFAS_059,"Perfluoro(4-methyl-3,6-dioxaoct-7-ene)sulfonyl fluoride",logKow,6.24,Experimental/Predicted,
EC_059_ExposureScore_Water,PFASProperty,PFAS_059,"Perfluoro(4-methyl-3,6-dioxaoct-7-ene)sulfonyl fluoride",ExposureScore_Water,0.28,Score,
EC_059_HazScore_EcoChronic,PFASProperty,PFAS_059,"Perfluoro(4-methyl-3,6-dioxaoct-7-ene)sulfonyl fluoride",HazScore_EcoChronic,0.08,Score,
EC_059_TPSA,PFASProperty,PFAS_059,"Perfluoro(4-methyl-3,6-dioxaoct-7-ene)sulfonyl fluoride",TPSA,52.6,Calculated,
EC_059_QED,PFASProperty,PFAS_059,"Perfluoro(4-methyl-3,6-dioxaoct-7-ene)sulfonyl fluoride",QED,0.3316,Calculated,
EC_060_logKow,PFASProperty,PFAS_060,Perflenapent,logKow,4.16,Experimental/Predicted,
EC_060_ExposureScore_Water,PFASProperty,PFAS_060,Perflenapent,ExposureScore_Water,0.35,Score,
EC_060_HazScore_EcoChronic,PFASProperty,PFAS_060,Perflenapent,HazScore_EcoChronic,0.01,Score,
EC_060_TPSA,PFASProperty,PFAS_060,Perflenapent,TPSA,0.0,Calculated,
EC_060_QED,PFASProperty,PFAS_060,Perflenapent,QED,0.6732,Calculated,
EC_061_logKow,PFASProperty,PFAS_061,Perfluorobut-2-ene,logKow,3.03,Experimental/Predicted,
EC_061_ExposureScore_Water,PFASProperty,PFAS_061,Perfluorobut-2-ene,ExposureScore_Water,0.24,Score,
EC_061_HazScore_EcoChronic,PFASProperty,PFAS_061,Perfluorobut-2-ene,HazScore_EcoChronic,0.01,Score,
EC_061_TPSA,PFASProperty,PFAS_061,Perfluorobut-2-ene,TPSA,0.0,Calculated,
EC_061_QED,PFASProperty,PFAS_061,Perfluorobut-2-ene,QED,0.5261,Calculated,
EC_062_logKow,PFASProperty,PFAS_062,Perfluorotetradecanoic acid (PFTeDA),logKow,8.83,Experimental/Predicted,
EC_062_ExposureScore_Water,PFASProperty,PFAS_062,Perfluorotetradecanoic acid (PFTeDA),ExposureScore_Water,0.29,Score,
EC_062_HazScore_EcoChronic,PFASProperty,PFAS_062,Perfluorotetradecanoic acid (PFTeDA),HazScore_EcoChronic,0.01,Score,
EC_062_TPSA,PFASProperty,PFAS_062,Perfluorotetradecanoic acid (PFTeDA),TPSA,37.3,Calculated,
EC_062_QED,PFASProperty,PFAS_062,Perfluorotetradecanoic acid (PFTeDA),QED,0.2071,Calculated,
EC_063_logKow,PFASProperty,PFAS_063,Diethyl perfluoroadipate,logKow,3.68,Experimental/Predicted,
EC_063_ExposureScore_Water,PFASProperty,PFAS_063,Diethyl perfluoroadipate,ExposureScore_Water,0.2,Score,
EC_063_HazScore_EcoChronic,PFASProperty,PFAS_063,Diethyl perfluoroadipate,HazScore_EcoChronic,0.2,Score,
EC_063_TPSA,PFASProperty,PFAS_063,Diethyl perfluoroadipate,TPSA,52.6,Calculated,
EC_063_QED,PFASProperty,PFAS_063,Diethyl perfluoroadipate,QED,0.5254,Calculated,
EC_064_logKow,PFASProperty,PFAS_064,Perfluorohexanesulphonyl fluoride,logKow,6.5,Experimental/Predicted,
EC_064_ExposureScore_Water,PFASProperty,PFAS_064,Perfluorohexanesulphonyl fluoride,ExposureScore_Water,0.32,Score,
EC_064_HazScore_EcoChronic,PFASProperty,PFAS_064,Perfluorohexanesulphonyl fluoride,HazScore_EcoChronic,0.01,Score,
EC_064_TPSA,PFASProperty,PFAS_064,Perfluorohexanesulphonyl fluoride,TPSA,34.14,Calculated,
EC_064_QED,PFASProperty,PFAS_064,Perfluorohexanesulphonyl fluoride,QED,0.5153,Calculated,
EC_065_logKow,PFASProperty,PFAS_065,Diethyl perfluoroglutarate,logKow,3.01,Experimental/Predicted,
EC_065_ExposureScore_Water,PFASProperty,PFAS_065,Diethyl perfluoroglutarate,ExposureScore_Water,0.2,Score,
EC_065_HazScore_EcoChronic,PFASProperty,PFAS_065,Diethyl perfluoroglutarate,HazScore_EcoChronic,0.01,Score,
EC_065_TPSA,PFASProperty,PFAS_065,Diethyl perfluoroglutarate,TPSA,52.6,Calculated,
EC_065_QED,PFASProperty,PFAS_065,Diethyl perfluoroglutarate,QED,0.5556,Calculated,
EC_066_logKow,PFASProperty,PFAS_066,2-(Perfluorododecyl)ethanol,logKow,8.42,Experimental/Predicted,
EC_066_ExposureScore_Water,PFASProperty,PFAS_066,2-(Perfluorododecyl)ethanol,ExposureScore_Water,0.22,Score,
EC_066_HazScore_EcoChronic,PFASProperty,PFAS_066,2-(Perfluorododecyl)ethanol,HazScore_EcoChronic,0.01,Score,
EC_066_TPSA,PFASProperty,PFAS_066,2-(Perfluorododecyl)ethanol,TPSA,20.23,Calculated,
EC_066_QED,PFASProperty,PFAS_066,2-(Perfluorododecyl)ethanol,QED,0.2105,Calculated,
EC_067_logKow,PFASProperty,PFAS_067,"1H,1H-Perfluoropropyl methacrylate",logKow,3.15,Experimental/Predicted,
EC_067_ExposureScore_Water,PFASProperty,PFAS_067,"1H,1H-Perfluoropropyl methacrylate",ExposureScore_Water,0.2,Score,
EC_067_HazScore_EcoChronic,PFASProperty,PFAS_067,"1H,1H-Perfluoropropyl methacrylate",HazScore_EcoChronic,0.01,Score,
EC_067_TPSA,PFASProperty,PFAS_067,"1H,1H-Perfluoropropyl methacrylate",TPSA,26.3,Calculated,
EC_067_QED,PFASProperty,PFAS_067,"1H,1H-Perfluoropropyl methacrylate",QED,0.4124,Calculated,
EC_068_logKow,PFASProperty,PFAS_068,Perfluorooctanesulfonamido amine oxide,logKow,4.41,Experimental/Predicted,
EC_068_ExposureScore_Water,PFASProperty,PFAS_068,Perfluorooctanesulfonamido amine oxide,ExposureScore_Water,0.09,Score,
EC_068_TPSA,PFASProperty,PFAS_068,Perfluorooctanesulfonamido amine oxide,TPSA,98.77,Calculated,
EC_068_QED,PFASProperty,PFAS_068,Perfluorooctanesulfonamido amine oxide,QED,0.1839,Calculated,
EC_069_ExposureScore_Water,PFASProperty,PFAS_069,Ammonium perfluorodecanesulfonate,ExposureScore_Water,0.43,Score,
EC_069_HazScore_EcoChronic,PFASProperty,PFAS_069,Ammonium perfluorodecanesulfonate,HazScore_EcoChronic,0.08,Score,
EC_069_TPSA,PFASProperty,PFAS_069,Ammonium perfluorodecanesulfonate,TPSA,93.7,Calculated,
EC_069_QED,PFASProperty,PFAS_069,Ammonium perfluorodecanesulfonate,QED,0.2489,Calculated,
EC_070_logKow,PFASProperty,PFAS_070,N-Ethyl-N-(2-(phosphonooxy)ethyl)perfluoropentanesulfonamide,logKow,3.91,Experimental/Predicted,
EC_070_ExposureScore_Water,PFASProperty,PFAS_070,N-Ethyl-N-(2-(phosphonooxy)ethyl)perfluoropentanesulfonamide,ExposureScore_Water,0.2,Score,
EC_070_HazScore_EcoChronic,PFASProperty,PFAS_070,N-Ethyl-N-(2-(phosphonooxy)ethyl)perfluoropentanesulfonamide,HazScore_EcoChronic,0.13,Score,
EC_070_TPSA,PFASProperty,PFAS_070,N-Ethyl-N-(2-(phosphonooxy)ethyl)perfluoropentanesulfonamide,TPSA,104.14,Calculated,
EC_070_QED,PFASProperty,PFAS_070,N-Ethyl-N-(2-(phosphonooxy)ethyl)perfluoropentanesulfonamide,QED,0.3528,Calculated,
EC_071_ExposureScore_Water,PFASProperty,PFAS_071,Ammonium perfluorohexanesulfonate,ExposureScore_Water,0.35,Score,
EC_071_HazScore_EcoChronic,PFASProperty,PFAS_071,Ammonium perfluorohexanesulfonate,HazScore_EcoChronic,0.08,Score,
EC_071_TPSA,PFASProperty,PFAS_071,Ammonium perfluorohexanesulfonate,TPSA,93.7,Calculated,
EC_071_QED,PFASProperty,PFAS_071,Ammonium perfluorohexanesulfonate,QED,0.5473,Calculated,
EC_072_logKow,PFASProperty,PFAS_072,(Perfluorododecyl)ethylsulfonyl chloride,logKow,10.33,Experimental/Predicted,
EC_072_ExposureScore_Water,PFASProperty,PFAS_072,(Perfluorododecyl)ethylsulfonyl chloride,ExposureScore_Water,0.2,Score,
EC_072_HazScore_EcoChronic,PFASProperty,PFAS_072,(Perfluorododecyl)ethylsulfonyl chloride,HazScore_EcoChronic,0.08,Score,
EC_072_TPSA,PFASProperty,PFAS_072,(Perfluorododecyl)ethylsulfonyl chloride,TPSA,34.14,Calculated,
EC_072_QED,PFASProperty,PFAS_072,(Perfluorododecyl)ethylsulfonyl chloride,QED,0.1401,Calculated,
EC_073_logKow,PFASProperty,PFAS_073,Perfluoro(2-propoxypropyl vinyl ether),logKow,5.24,Experimental/Predicted,
EC_073_ExposureScore_Water,PFASProperty,PFAS_073,Perfluoro(2-propoxypropyl vinyl ether),ExposureScore_Water,0.21,Score,
EC_073_HazScore_EcoChronic,PFASProperty,PFAS_073,Perfluoro(2-propoxypropyl vinyl ether),HazScore_EcoChronic,0.01,Score,
EC_073_TPSA,PFASProperty,PFAS_073,Perfluoro(2-propoxypropyl vinyl ether),TPSA,18.46,Calculated,
EC_073_QED,PFASProperty,PFAS_073,Perfluoro(2-propoxypropyl vinyl ether),QED,0.3983,Calculated,
EC_074_logKow,PFASProperty,PFAS_074,"3-(Perfluorohexyl)-1,2-epoxypropane",logKow,4.92,Experimental/Predicted,
EC_074_ExposureScore_Water,PFASProperty,PFAS_074,"3-(Perfluorohexyl)-1,2-epoxypropane",ExposureScore_Water,0.24,Score,
EC_074_HazScore_EcoChronic,PFASProperty,PFAS_074,"3-(Perfluorohexyl)-1,2-epoxypropane",HazScore_EcoChronic,0.05,Score,
EC_074_TPSA,PFASProperty,PFAS_074,"3-(Perfluorohexyl)-1,2-epoxypropane",TPSA,12.53,Calculated,
EC_074_QED,PFASProperty,PFAS_074,"3-(Perfluorohexyl)-1,2-epoxypropane",QED,0.491,Calculated,
EC_075_ExposureScore_Water,PFASProperty,PFAS_075,"1-(1,3-Dimethylbutoxy)-2-(perfluorohexyl)ethane",ExposureScore_Water,0.18,Score,
EC_075_TPSA,PFASProperty,PFAS_075,"1-(1,3-Dimethylbutoxy)-2-(perfluorohexyl)ethane",TPSA,9.23,Calculated,
EC_075_QED,PFASProperty,PFAS_075,"1-(1,3-Dimethylbutoxy)-2-(perfluorohexyl)ethane",QED,0.3439,Calculated,
EC_076_ExposureScore_Water,PFASProperty,PFAS_076,Ammonium perfluoro-2-methyl-3-oxahexanoate (GenX),ExposureScore_Water,0.2,Score,
EC_076_HazScore_EcoChronic,PFASProperty,PFAS_076,Ammonium perfluoro-2-methyl-3-oxahexanoate (GenX),HazScore_EcoChronic,0.04,Score,
EC_076_TPSA,PFASProperty,PFAS_076,Ammonium perfluoro-2-methyl-3-oxahexanoate (GenX),TPSA,85.86,Calculated,
EC_076_QED,PFASProperty,PFAS_076,Ammonium perfluoro-2-methyl-3-oxahexanoate (GenX),QED,0.791,Calculated,
EC_077_ExposureScore_Water,PFASProperty,PFAS_077,"1H,1H,2H,2H-Perfluorodecyltriethoxysilane",ExposureScore_Water,0.2,Score,
EC_077_HazScore_EcoChronic,PFASProperty,PFAS_077,"1H,1H,2H,2H-Perfluorodecyltriethoxysilane",HazScore_EcoChronic,0.03,Score,
EC_077_TPSA,PFASProperty,PFAS_077,"1H,1H,2H,2H-Perfluorodecyltriethoxysilane",TPSA,27.69,Calculated,
EC_077_QED,PFASProperty,PFAS_077,"1H,1H,2H,2H-Perfluorodecyltriethoxysilane",QED,0.1427,Calculated,
EC_078_logKow,PFASProperty,PFAS_078,Perfluoroisohexane,logKow,5.02,Experimental/Predicted,
EC_078_ExposureScore_Water,PFASProperty,PFAS_078,Perfluoroisohexane,ExposureScore_Water,0.4,Score,
EC_078_HazScore_EcoChronic,PFASProperty,PFAS_078,Perfluoroisohexane,HazScore_EcoChronic,0.01,Score,
EC_078_TPSA,PFASProperty,PFAS_078,Perfluoroisohexane,TPSA,0.0,Calculated,
EC_078_QED,PFASProperty,PFAS_078,Perfluoroisohexane,QED,0.6431,Calculated,
EC_079_logKow,PFASProperty,PFAS_079,Perfluorohexadecane,logKow,11.52,Experimental/Predicted,
EC_079_ExposureScore_Water,PFASProperty,PFAS_079,Perfluorohexadecane,ExposureScore_Water,0.45,Score,
EC_079_HazScore_EcoChronic,PFASProperty,PFAS_079,Perfluorohexadecane,HazScore_EcoChronic,0.01,Score,
EC_079_TPSA,PFASProperty,PFAS_079,Perfluorohexadecane,TPSA,0.0,Calculated,
EC_079_QED,PFASProperty,PFAS_079,Perfluorohexadecane,QED,0.1622,Calculated,
EC_080_logKow,PFASProperty,PFAS_080,Perfluorotriethylamine,logKow,4.18,Experimental/Predicted,
EC_080_ExposureScore_Water,PFASProperty,PFAS_080,Perfluorotriethylamine,ExposureScore_Water,0.2,Score,
EC_080_HazScore_EcoChronic,PFASProperty,PFAS_080,Perfluorotriethylamine,HazScore_EcoChronic,0.02,Score,
EC_080_TPSA,PFASProperty,PFAS_080,Perfluorotriethylamine,TPSA,3.24,Calculated,
EC_080_QED,PFASProperty,PFAS_080,Perfluorotriethylamine,QED,0.5113,Calculated,
EC_081_logKow,PFASProperty,PFAS_081,Perfluorobutanesulfonic anhydride,logKow,8.27,Experimental/Predicted,
EC_081_ExposureScore_Water,PFASProperty,PFAS_081,Perfluorobutanesulfonic anhydride,ExposureScore_Water,0.24,Score,
EC_081_HazScore_EcoChronic,PFASProperty,PFAS_081,Perfluorobutanesulfonic anhydride,HazScore_EcoChronic,0.01,Score,
EC_081_TPSA,PFASProperty,PFAS_081,Perfluorobutanesulfonic anhydride,TPSA,77.51,Calculated,
EC_081_QED,PFASProperty,PFAS_081,Perfluorobutanesulfonic anhydride,QED,0.3941,Calculated,
EC_082_logKow,PFASProperty,PFAS_082,Perfluorobutylcyclohexane,logKow,7.0,Experimental/Predicted,
EC_082_ExposureScore_Water,PFASProperty,PFAS_082,Perfluorobutylcyclohexane,ExposureScore_Water,0.23,Score,
EC_082_HazScore_EcoChronic,PFASProperty,PFAS_082,Perfluorobutylcyclohexane,HazScore_EcoChronic,0.02,Score,
EC_082_TPSA,PFASProperty,PFAS_082,Perfluorobutylcyclohexane,TPSA,0.0,Calculated,
EC_082_QED,PFASProperty,PFAS_082,Perfluorobutylcyclohexane,QED,0.3966,Calculated,
EC_083_logKow,PFASProperty,PFAS_083,1-Perfluoromethylcyclohexane-1-sulfonic acid,logKow,1.54,Experimental/Predicted,
EC_083_ExposureScore_Water,PFASProperty,PFAS_083,1-Perfluoromethylcyclohexane-1-sulfonic acid,ExposureScore_Water,0.29,Score,
EC_083_HazScore_EcoChronic,PFASProperty,PFAS_083,1-Perfluoromethylcyclohexane-1-sulfonic acid,HazScore_EcoChronic,0.08,Score,
EC_083_TPSA,PFASProperty,PFAS_083,1-Perfluoromethylcyclohexane-1-sulfonic acid,TPSA,57.2,Calculated,
EC_083_QED,PFASProperty,PFAS_083,1-Perfluoromethylcyclohexane-1-sulfonic acid,QED,0.322,Calculated,
EC_084_logKow,PFASProperty,PFAS_084,Perfluorobutanoic acid (PFBA),logKow,2.14,Experimental/Predicted,
EC_084_ExposureScore_Water,PFASProperty,PFAS_084,Perfluorobutanoic acid (PFBA),ExposureScore_Water,0.21,Score,
EC_084_HazScore_EcoChronic,PFASProperty,PFAS_084,Perfluorobutanoic acid (PFBA),HazScore_EcoChronic,0.02,Score,
EC_084_TPSA,PFASProperty,PFAS_084,Perfluorobutanoic acid (PFBA),TPSA,37.3,Calculated,
EC_084_QED,PFASProperty,PFAS_084,Perfluorobutanoic acid (PFBA),QED,0.7124,Calculated,
EC_085_logKow,PFASProperty,PFAS_085,(Perfluorotetradecyl)ethyl 2-methyl-2-propenoate,logKow,11.67,Experimental/Predicted,
EC_085_ExposureScore_Water,PFASProperty,PFAS_085,(Perfluorotetradecyl)ethyl 2-methyl-2-propenoate,ExposureScore_Water,0.35,Score,
EC_085_HazScore_EcoChronic,PFASProperty,PFAS_085,(Perfluorotetradecyl)ethyl 2-methyl-2-propenoate,HazScore_EcoChronic,0.08,Score,
EC_085_TPSA,PFASProperty,PFAS_085,(Perfluorotetradecyl)ethyl 2-methyl-2-propenoate,TPSA,26.3,Calculated,
EC_085_QED,PFASProperty,PFAS_085,(Perfluorotetradecyl)ethyl 2-methyl-2-propenoate,QED,0.088,Calculated,
EC_086_logKow,PFASProperty,PFAS_086,2-Vinyl(1-bromoperfluoroethane),logKow,3.46,Experimental/Predicted,
EC_086_ExposureScore_Water,PFASProperty,PFAS_086,2-Vinyl(1-bromoperfluoroethane),ExposureScore_Water,0.28,Score,
EC_086_HazScore_EcoChronic,PFASProperty,PFAS_086,2-Vinyl(1-bromoperfluoroethane),HazScore_EcoChronic,0.01,Score,
EC_086_TPSA,PFASProperty,PFAS_086,2-Vinyl(1-bromoperfluoroethane),TPSA,0.0,Calculated,
EC_086_QED,PFASProperty,PFAS_086,2-Vinyl(1-bromoperfluoroethane),QED,0.3706,Calculated,
EC_087_logKow,PFASProperty,PFAS_087,2-(Perfluorotetradecyl)ethan-1-ol,logKow,9.76,Experimental/Predicted,
EC_087_ExposureScore_Water,PFASProperty,PFAS_087,2-(Perfluorotetradecyl)ethan-1-ol,ExposureScore_Water,0.22,Score,
EC_087_HazScore_EcoChronic,PFASProperty,PFAS_087,2-(Perfluorotetradecyl)ethan-1-ol,HazScore_EcoChronic,0.08,Score,
EC_087_TPSA,PFASProperty,PFAS_087,2-(Perfluorotetradecyl)ethan-1-ol,TPSA,20.23,Calculated,
EC_087_QED,PFASProperty,PFAS_087,2-(Perfluorotetradecyl)ethan-1-ol,QED,0.1752,Calculated,
EC_088_logKow,PFASProperty,PFAS_088,2-(Perfluorotetradecyl)-1-iodoethane,logKow,11.98,Experimental/Predicted,
EC_088_ExposureScore_Water,PFASProperty,PFAS_088,2-(Perfluorotetradecyl)-1-iodoethane,ExposureScore_Water,0.24,Score,
EC_088_HazScore_EcoChronic,PFASProperty,PFAS_088,2-(Perfluorotetradecyl)-1-iodoethane,HazScore_EcoChronic,0.08,Score,
EC_088_TPSA,PFASProperty,PFAS_088,2-(Perfluorotetradecyl)-1-iodoethane,TPSA,0.0,Calculated,
EC_088_QED,PFASProperty,PFAS_088,2-(Perfluorotetradecyl)-1-iodoethane,QED,0.0927,Calculated,
EC_089_logKow,PFASProperty,PFAS_089,Perfluorobutyl methyl ether,logKow,3.34,Experimental/Predicted,
EC_089_ExposureScore_Water,PFASProperty,PFAS_089,Perfluorobutyl methyl ether,ExposureScore_Water,0.57,Score,
EC_089_HazScore_EcoChronic,PFASProperty,PFAS_089,Perfluorobutyl methyl ether,HazScore_EcoChronic,0.01,Score,
EC_089_TPSA,PFASProperty,PFAS_089,Perfluorobutyl methyl ether,TPSA,9.23,Calculated,
EC_089_QED,PFASProperty,PFAS_089,Perfluorobutyl methyl ether,QED,0.6992,Calculated,
EC_090_logKow,PFASProperty,PFAS_090,Bis(perfluoroisopropyl)ketone,logKow,3.05,Experimental/Predicted,
EC_090_ExposureScore_Water,PFASProperty,PFAS_090,Bis(perfluoroisopropyl)ketone,ExposureScore_Water,0.24,Score,
EC_090_HazScore_EcoChronic,PFASProperty,PFAS_090,Bis(perfluoroisopropyl)ketone,HazScore_EcoChronic,0.02,Score,
EC_090_TPSA,PFASProperty,PFAS_090,Bis(perfluoroisopropyl)ketone,TPSA,17.07,Calculated,
EC_090_QED,PFASProperty,PFAS_090,Bis(perfluoroisopropyl)ketone,QED,0.6693,Calculated,
EC_091_logKow,PFASProperty,PFAS_091,Perfluoro-2-methyl-3-pentanone,logKow,2.79,Experimental/Predicted,
EC_091_ExposureScore_Water,PFASProperty,PFAS_091,Perfluoro-2-methyl-3-pentanone,ExposureScore_Water,0.83,Score,
EC_091_HazScore_EcoChronic,PFASProperty,PFAS_091,Perfluoro-2-methyl-3-pentanone,HazScore_EcoChronic,0.05,Score,
EC_091_TPSA,PFASProperty,PFAS_091,Perfluoro-2-methyl-3-pentanone,TPSA,17.07,Calculated,
EC_091_QED,PFASProperty,PFAS_091,Perfluoro-2-methyl-3-pentanone,QED,0.7118,Calculated,
EC_092_logKow,PFASProperty,PFAS_092,2-(N-Butylperfluorooctanesulfonamido)ethyl acrylate,logKow,8.34,Experimental/Predicted,
EC_092_ExposureScore_Water,PFASProperty,PFAS_092,2-(N-Butylperfluorooctanesulfonamido)ethyl acrylate,ExposureScore_Water,0.37,Score,
EC_092_HazScore_EcoChronic,PFASProperty,PFAS_092,2-(N-Butylperfluorooctanesulfonamido)ethyl acrylate,HazScore_EcoChronic,0.08,Score,
EC_092_TPSA,PFASProperty,PFAS_092,2-(N-Butylperfluorooctanesulfonamido)ethyl acrylate,TPSA,63.68,Calculated,
EC_092_QED,PFASProperty,PFAS_092,2-(N-Butylperfluorooctanesulfonamido)ethyl acrylate,QED,0.1216,Calculated,
EC_093_logKow,PFASProperty,PFAS_093,"8-Fluorosulfonylperfluoro(2,5-dimethyl-3,6-dioxaoctanoyl) fluoride",logKow,5.68,Experimental/Predicted,
EC_093_ExposureScore_Water,PFASProperty,PFAS_093,"8-Fluorosulfonylperfluoro(2,5-dimethyl-3,6-dioxaoctanoyl) fluoride",ExposureScore_Water,0.2,Score,
EC_093_HazScore_EcoChronic,PFASProperty,PFAS_093,"8-Fluorosulfonylperfluoro(2,5-dimethyl-3,6-dioxaoctanoyl) fluoride",HazScore_EcoChronic,0.01,Score,
EC_093_TPSA,PFASProperty,PFAS_093,"8-Fluorosulfonylperfluoro(2,5-dimethyl-3,6-dioxaoctanoyl) fluoride",TPSA,69.67,Calculated,
EC_093_QED,PFASProperty,PFAS_093,"8-Fluorosulfonylperfluoro(2,5-dimethyl-3,6-dioxaoctanoyl) fluoride",QED,0.363,Calculated,
EC_094_ExposureScore_Water,PFASProperty,PFAS_094,Tetrabutylphosphonium perfluorobutanesulfonate,ExposureScore_Water,0.32,Score,
EC_094_HazScore_EcoChronic,PFASProperty,PFAS_094,Tetrabutylphosphonium perfluorobutanesulfonate,HazScore_EcoChronic,0.05,Score,
EC_095_logKow,PFASProperty,PFAS_095,Perflisobutane,logKow,3.38,Experimental/Predicted,
EC_095_ExposureScore_Water,PFASProperty,PFAS_095,Perflisobutane,ExposureScore_Water,0.2,Score,
EC_095_HazScore_EcoChronic,PFASProperty,PFAS_095,Perflisobutane,HazScore_EcoChronic,0.01,Score,
EC_095_TPSA,PFASProperty,PFAS_095,Perflisobutane,TPSA,0.0,Calculated,
EC_095_QED,PFASProperty,PFAS_095,Perflisobutane,QED,0.5672,Calculated,
EC_096_logKow,PFASProperty,PFAS_096,9-H-Perfluorononanoic acid,logKow,4.88,Experimental/Predicted,
EC_096_ExposureScore_Water,PFASProperty,PFAS_096,9-H-Perfluorononanoic acid,ExposureScore_Water,0.2,Score,
EC_096_HazScore_EcoChronic,PFASProperty,PFAS_096,9-H-Perfluorononanoic acid,HazScore_EcoChronic,0.02,Score,
EC_096_TPSA,PFASProperty,PFAS_096,9-H-Perfluorononanoic acid,TPSA,37.3,Calculated,
EC_096_QED,PFASProperty,PFAS_096,9-H-Perfluorononanoic acid,QED,0.5455,Calculated,
EC_097_logKow,PFASProperty,PFAS_097,Perfluorooctanesulfonyl fluoride,logKow,7.84,Experimental/Predicted,
EC_097_ExposureScore_Water,PFASProperty,PFAS_097,Perfluorooctanesulfonyl fluoride,ExposureScore_Water,0.33,Score,
EC_097_HazScore_EcoChronic,PFASProperty,PFAS_097,Perfluorooctanesulfonyl fluoride,HazScore_EcoChronic,0.21,Score,
EC_097_TPSA,PFASProperty,PFAS_097,Perfluorooctanesulfonyl fluoride,TPSA,34.14,Calculated,
EC_097_QED,PFASProperty,PFAS_097,Perfluorooctanesulfonyl fluoride,QED,0.3523,Calculated,
EC_098_logKow,PFASProperty,PFAS_098,Perfluorobutanesulfonic acid (PFBS),logKow,1.82,Experimental/Predicted,
EC_098_ExposureScore_Water,PFASProperty,PFAS_098,Perfluorobutanesulfonic acid (PFBS),ExposureScore_Water,0.29,Score,
EC_098_HazScore_EcoChronic,PFASProperty,PFAS_098,Perfluorobutanesulfonic acid (PFBS),HazScore_EcoChronic,0.02,Score,
EC_098_TPSA,PFASProperty,PFAS_098,Perfluorobutanesulfonic acid (PFBS),TPSA,54.37,Calculated,
EC_098_QED,PFASProperty,PFAS_098,Perfluorobutanesulfonic acid (PFBS),QED,0.6425,Calculated,
EC_099_logKow,PFASProperty,PFAS_099,Perfluoroisobutyl methyl ether,logKow,2.56,Experimental/Predicted,
EC_099_ExposureScore_Water,PFASProperty,PFAS_099,Perfluoroisobutyl methyl ether,ExposureScore_Water,0.61,Score,
EC_099_HazScore_EcoChronic,PFASProperty,PFAS_099,Perfluoroisobutyl methyl ether,HazScore_EcoChronic,0.01,Score,
EC_099_TPSA,PFASProperty,PFAS_099,Perfluoroisobutyl methyl ether,TPSA,9.23,Calculated,
EC_099_QED,PFASProperty,PFAS_099,Perfluoroisobutyl methyl ether,QED,0.6992,Calculated,
EC_100_logKow,PFASProperty,PFAS_100,2-(Perfluorohexyl)ethanol (6:2 FTOH),logKow,4.41,Experimental/Predicted,
EC_100_ExposureScore_Water,PFASProperty,PFAS_100,2-(Perfluorohexyl)ethanol (6:2 FTOH),ExposureScore_Water,0.44,Score,
EC_100_HazScore_EcoChronic,PFASProperty,PFAS_100,2-(Perfluorohexyl)ethanol (6:2 FTOH),HazScore_EcoChronic,0.12,Score,
EC_100_TPSA,PFASProperty,PFAS_100,2-(Perfluorohexyl)ethanol (6:2 FTOH),TPSA,20.23,Calculated,
EC_100_QED,PFASProperty,PFAS_100,2-(Perfluorohexyl)ethanol (6:2 FTOH),QED,0.7039,Calculated,
EC_101_logKow,PFASProperty,PFAS_101,Perfluorodecanesulphonyl fluoride,logKow,9.17,Experimental/Predicted,
EC_101_ExposureScore_Water,PFASProperty,PFAS_101,Perfluorodecanesulphonyl fluoride,ExposureScore_Water,0.2,Score,
EC_101_HazScore_EcoChronic,PFASProperty,PFAS_101,Perfluorodecanesulphonyl fluoride,HazScore_EcoChronic,0.08,Score,
EC_101_TPSA,PFASProperty,PFAS_101,Perfluorodecanesulphonyl fluoride,TPSA,34.14,Calculated,
EC_101_QED,PFASProperty,PFAS_101,Perfluorodecanesulphonyl fluoride,QED,0.2227,Calculated,
EC_102_logKow,PFASProperty,PFAS_102,Perfluoro-1-iodotetradecane,logKow,11.0,Experimental/Predicted,
EC_102_ExposureScore_Water,PFASProperty,PFAS_102,Perfluoro-1-iodotetradecane,ExposureScore_Water,0.24,Score,
EC_102_HazScore_EcoChronic,PFASProperty,PFAS_102,Perfluoro-1-iodotetradecane,HazScore_EcoChronic,0.01,Score,
EC_102_TPSA,PFASProperty,PFAS_102,Perfluoro-1-iodotetradecane,TPSA,0.0,Calculated,
EC_102_QED,PFASProperty,PFAS_102,Perfluoro-1-iodotetradecane,QED,0.1043,Calculated,
EC_103_logKow,PFASProperty,PFAS_103,"1H,1H-Perfluorooctyl acrylate",logKow,5.95,Experimental/Predicted,
EC_103_ExposureScore_Water,PFASProperty,PFAS_103,"1H,1H-Perfluorooctyl acrylate",ExposureScore_Water,0.24,Score,
EC_103_HazScore_EcoChronic,PFASProperty,PFAS_103,"1H,1H-Perfluorooctyl acrylate",HazScore_EcoChronic,0.01,Score,
EC_103_TPSA,PFASProperty,PFAS_103,"1H,1H-Perfluorooctyl acrylate",TPSA,26.3,Calculated,
EC_103_QED,PFASProperty,PFAS_103,"1H,1H-Perfluorooctyl acrylate",QED,0.2904,Calculated,
EC_104_logKow,PFASProperty,PFAS_104,Perfluoromethylcyclohexane,logKow,4.69,Experimental/Predicted,
EC_104_ExposureScore_Water,PFASProperty,PFAS_104,Perfluoromethylcyclohexane,ExposureScore_Water,0.29,Score,
EC_104_HazScore_EcoChronic,PFASProperty,PFAS_104,Perfluoromethylcyclohexane,HazScore_EcoChronic,0.08,Score,
EC_104_TPSA,PFASProperty,PFAS_104,Perfluoromethylcyclohexane,TPSA,0.0,Calculated,
EC_104_QED,PFASProperty,PFAS_104,Perfluoromethylcyclohexane,QED,0.5667,Calculated,
EC_105_logKow,PFASProperty,PFAS_105,Perfluorobutane,logKow,3.49,Experimental/Predicted,
EC_105_ExposureScore_Water,PFASProperty,PFAS_105,Perfluorobutane,ExposureScore_Water,0.39,Score,
EC_105_HazScore_EcoChronic,PFASProperty,PFAS_105,Perfluorobutane,HazScore_EcoChronic,0.01,Score,
EC_105_TPSA,PFASProperty,PFAS_105,Perfluorobutane,TPSA,0.0,Calculated,
EC_105_QED,PFASProperty,PFAS_105,Perfluorobutane,QED,0.614,Calculated,
EC_106_logKow,PFASProperty,PFAS_106,Perfluorohexadecyl iodide,logKow,12.34,Experimental/Predicted,
EC_106_ExposureScore_Water,PFASProperty,PFAS_106,Perfluorohexadecyl iodide,ExposureScore_Water,0.2,Score,
EC_106_HazScore_EcoChronic,PFASProperty,PFAS_106,Perfluorohexadecyl iodide,HazScore_EcoChronic,0.08,Score,
EC_106_TPSA,PFASProperty,PFAS_106,Perfluorohexadecyl iodide,TPSA,0.0,Calculated,
EC_106_QED,PFASProperty,PFAS_106,Perfluorohexadecyl iodide,QED,0.0925,Calculated,
EC_107_logKow,PFASProperty,PFAS_107,1-Iodoperfluoropentane,logKow,4.98,Experimental/Predicted,
EC_107_ExposureScore_Water,PFASProperty,PFAS_107,1-Iodoperfluoropentane,ExposureScore_Water,0.24,Score,
EC_107_HazScore_EcoChronic,PFASProperty,PFAS_107,1-Iodoperfluoropentane,HazScore_EcoChronic,0.01,Score,
EC_107_TPSA,PFASProperty,PFAS_107,1-Iodoperfluoropentane,TPSA,0.0,Calculated,
EC_107_QED,PFASProperty,PFAS_107,1-Iodoperfluoropentane,QED,0.3752,Calculated,
EC_108_logKow,PFASProperty,PFAS_108,2-(N-Ethylperfluorooctanesulfonamido)acetic acid (EtFOSAA),logKow,6.22,Experimental/Predicted,
EC_108_ExposureScore_Water,PFASProperty,PFAS_108,2-(N-Ethylperfluorooctanesulfonamido)acetic acid (EtFOSAA),ExposureScore_Water,0.02,Score,
EC_108_HazScore_EcoChronic,PFASProperty,PFAS_108,2-(N-Ethylperfluorooctanesulfonamido)acetic acid (EtFOSAA),HazScore_EcoChronic,0.06,Score,
EC_108_TPSA,PFASProperty,PFAS_108,2-(N-Ethylperfluorooctanesulfonamido)acetic acid (EtFOSAA),TPSA,74.68,Calculated,
EC_108_QED,PFASProperty,PFAS_108,2-(N-Ethylperfluorooctanesulfonamido)acetic acid (EtFOSAA),QED,0.3576,Calculated,
EC_109_logKow,PFASProperty,PFAS_109,Ethyl perfluorooctanoate,logKow,5.59,Experimental/Predicted,
EC_109_ExposureScore_Water,PFASProperty,PFAS_109,Ethyl perfluorooctanoate,ExposureScore_Water,0.2,Score,
EC_109_HazScore_EcoChronic,PFASProperty,PFAS_109,Ethyl perfluorooctanoate,HazScore_EcoChronic,0.01,Score,
EC_109_TPSA,PFASProperty,PFAS_109,Ethyl perfluorooctanoate,TPSA,26.3,Calculated,
EC_109_QED,PFASProperty,PFAS_109,Ethyl perfluorooctanoate,QED,0.4135,Calculated,
EC_110_logKow,PFASProperty,PFAS_110,2-(Perfluorooctyl)ethyl acrylate (8:2 Fluorotelomer acrylate),logKow,7.11,Experimental/Predicted,
EC_110_ExposureScore_Water,PFASProperty,PFAS_110,2-(Perfluorooctyl)ethyl acrylate (8:2 Fluorotelomer acrylate),ExposureScore_Water,0.41,Score,
EC_110_HazScore_EcoChronic,PFASProperty,PFAS_110,2-(Perfluorooctyl)ethyl acrylate (8:2 Fluorotelomer acrylate),HazScore_EcoChronic,0.01,Score,
EC_110_TPSA,PFASProperty,PFAS_110,2-(Perfluorooctyl)ethyl acrylate (8:2 Fluorotelomer acrylate),TPSA,26.3,Calculated,
EC_110_QED,PFASProperty,PFAS_110,2-(Perfluorooctyl)ethyl acrylate (8:2 Fluorotelomer acrylate),QED,0.1982,Calculated,
EC_111_logKow,PFASProperty,PFAS_111,Tetraethylammonium perfluorooctanesulfonate,logKow,7.36,Experimental/Predicted,
EC_111_ExposureScore_Water,PFASProperty,PFAS_111,Tetraethylammonium perfluorooctanesulfonate,ExposureScore_Water,0.4,Score,
EC_111_HazScore_EcoChronic,PFASProperty,PFAS_111,Tetraethylammonium perfluorooctanesulfonate,HazScore_EcoChronic,0.25,Score,
EC_112_logKow,PFASProperty,PFAS_112,Perfluoroisobutyl ethyl ether,logKow,3.72,Experimental/Predicted,
EC_112_ExposureScore_Water,PFASProperty,PFAS_112,Perfluoroisobutyl ethyl ether,ExposureScore_Water,0.42,Score,
EC_112_HazScore_EcoChronic,PFASProperty,PFAS_112,Perfluoroisobutyl ethyl ether,HazScore_EcoChronic,0.03,Score,
EC_112_TPSA,PFASProperty,PFAS_112,Perfluoroisobutyl ethyl ether,TPSA,9.23,Calculated,
EC_112_QED,PFASProperty,PFAS_112,Perfluoroisobutyl ethyl ether,QED,0.7092,Calculated,
EC_113_logKow,PFASProperty,PFAS_113,"1H,1H,5H-Perfluoropentyl acrylate",logKow,3.33,Experimental/Predicted,
EC_113_ExposureScore_Water,PFASProperty,PFAS_113,"1H,1H,5H-Perfluoropentyl acrylate",ExposureScore_Water,0.2,Score,
EC_113_HazScore_EcoChronic,PFASProperty,PFAS_113,"1H,1H,5H-Perfluoropentyl acrylate",HazScore_EcoChronic,0.07,Score,
EC_113_TPSA,PFASProperty,PFAS_113,"1H,1H,5H-Perfluoropentyl acrylate",TPSA,26.3,Calculated,
EC_113_QED,PFASProperty,PFAS_113,"1H,1H,5H-Perfluoropentyl acrylate",QED,0.4262,Calculated,
EC_114_logKow,PFASProperty,PFAS_114,"3-(Perfluorohexanesulfonamido)-N,N,N-trimethylpropan-1-aminium (qaPFSMa n=6)",logKow,4.15,Experimental/Predicted,
EC_114_ExposureScore_Water,PFASProperty,PFAS_114,"3-(Perfluorohexanesulfonamido)-N,N,N-trimethylpropan-1-aminium (qaPFSMa n=6)",ExposureScore_Water,0.25,Score,
EC_114_HazScore_EcoChronic,PFASProperty,PFAS_114,"3-(Perfluorohexanesulfonamido)-N,N,N-trimethylpropan-1-aminium (qaPFSMa n=6)",HazScore_EcoChronic,0.13,Score,
EC_114_TPSA,PFASProperty,PFAS_114,"3-(Perfluorohexanesulfonamido)-N,N,N-trimethylpropan-1-aminium (qaPFSMa n=6)",TPSA,46.17,Calculated,
EC_114_QED,PFASProperty,PFAS_114,"3-(Perfluorohexanesulfonamido)-N,N,N-trimethylpropan-1-aminium (qaPFSMa n=6)",QED,0.1683,Calculated,
EC_115_logKow,PFASProperty,PFAS_115,"3-(Perfluoroheptanesulfonamido)-N,N,N-trimethylpropan-1-aminium",logKow,4.82,Experimental/Predicted,
EC_115_ExposureScore_Water,PFASProperty,PFAS_115,"3-(Perfluoroheptanesulfonamido)-N,N,N-trimethylpropan-1-aminium",ExposureScore_Water,0.25,Score,
EC_115_HazScore_EcoChronic,PFASProperty,PFAS_115,"3-(Perfluoroheptanesulfonamido)-N,N,N-trimethylpropan-1-aminium",HazScore_EcoChronic,0.08,Score,
EC_115_TPSA,PFASProperty,PFAS_115,"3-(Perfluoroheptanesulfonamido)-N,N,N-trimethylpropan-1-aminium",TPSA,46.17,Calculated,
EC_115_QED,PFASProperty,PFAS_115,"3-(Perfluoroheptanesulfonamido)-N,N,N-trimethylpropan-1-aminium",QED,0.1557,Calculated,
EC_116_logKow,PFASProperty,PFAS_116,Perfluoropentanesulfonyl fluoride,logKow,5.83,Experimental/Predicted,
EC_116_ExposureScore_Water,PFASProperty,PFAS_116,Perfluoropentanesulfonyl fluoride,ExposureScore_Water,0.2,Score,
EC_116_HazScore_EcoChronic,PFASProperty,PFAS_116,Perfluoropentanesulfonyl fluoride,HazScore_EcoChronic,0.08,Score,
EC_116_TPSA,PFASProperty,PFAS_116,Perfluoropentanesulfonyl fluoride,TPSA,34.14,Calculated,
EC_116_QED,PFASProperty,PFAS_116,Perfluoropentanesulfonyl fluoride,QED,0.5746,Calculated,
EC_117_logKow,PFASProperty,PFAS_117,"1H,1H,2H-Perfluorocyclopentane",logKow,3.45,Experimental/Predicted,
EC_117_ExposureScore_Water,PFASProperty,PFAS_117,"1H,1H,2H-Perfluorocyclopentane",ExposureScore_Water,0.19,Score,
EC_117_HazScore_EcoChronic,PFASProperty,PFAS_117,"1H,1H,2H-Perfluorocyclopentane",HazScore_EcoChronic,0.05,Score,
EC_117_TPSA,PFASProperty,PFAS_117,"1H,1H,2H-Perfluorocyclopentane",TPSA,0.0,Calculated,
EC_117_QED,PFASProperty,PFAS_117,"1H,1H,2H-Perfluorocyclopentane",QED,0.5222,Calculated,
EC_118_logKow,PFASProperty,PFAS_118,"3-(Perfluorooctyl)-1,2-propenoxide",logKow,6.26,Experimental/Predicted,
EC_118_ExposureScore_Water,PFASProperty,PFAS_118,"3-(Perfluorooctyl)-1,2-propenoxide",ExposureScore_Water,0.2,Score,
EC_118_HazScore_EcoChronic,PFASProperty,PFAS_118,"3-(Perfluorooctyl)-1,2-propenoxide",HazScore_EcoChronic,0.01,Score,
EC_118_TPSA,PFASProperty,PFAS_118,"3-(Perfluorooctyl)-1,2-propenoxide",TPSA,12.53,Calculated,
EC_118_QED,PFASProperty,PFAS_118,"3-(Perfluorooctyl)-1,2-propenoxide",QED,0.3197,Calculated,
EC_119_logKow,PFASProperty,PFAS_119,"Poly(oxy-1,2-ethanediyl), .alpha.-[2-[[(perfluorooctyl)sulfonyl]propylamino]ethyl]-.omega.-hydroxy-",logKow,6.21,Experimental/Predicted,
EC_119_ExposureScore_Water,PFASProperty,PFAS_119,"Poly(oxy-1,2-ethanediyl), .alpha.-[2-[[(perfluorooctyl)sulfonyl]propylamino]ethyl]-.omega.-hydroxy-",ExposureScore_Water,0.2,Score,
EC_119_TPSA,PFASProperty,PFAS_119,"Poly(oxy-1,2-ethanediyl), .alpha.-[2-[[(perfluorooctyl)sulfonyl]propylamino]ethyl]-.omega.-hydroxy-",TPSA,66.84,Calculated,
EC_119_QED,PFASProperty,PFAS_119,"Poly(oxy-1,2-ethanediyl), .alpha.-[2-[[(perfluorooctyl)sulfonyl]propylamino]ethyl]-.omega.-hydroxy-",QED,0.2047,Calculated,
EC_120_logKow,PFASProperty,PFAS_120,3-(Perfluoro(13-methyltetradecyl))-2-hydroxypropyl dihydrogen phosphate,logKow,9.49,Experimental/Predicted,
EC_120_ExposureScore_Water,PFASProperty,PFAS_120,3-(Perfluoro(13-methyltetradecyl))-2-hydroxypropyl dihydrogen phosphate,ExposureScore_Water,0.2,Score,
EC_120_HazScore_EcoChronic,PFASProperty,PFAS_120,3-(Perfluoro(13-methyltetradecyl))-2-hydroxypropyl dihydrogen phosphate,HazScore_EcoChronic,0.08,Score,
EC_120_TPSA,PFASProperty,PFAS_120,3-(Perfluoro(13-methyltetradecyl))-2-hydroxypropyl dihydrogen phosphate,TPSA,86.99,Calculated,
EC_120_QED,PFASProperty,PFAS_120,3-(Perfluoro(13-methyltetradecyl))-2-hydroxypropyl dihydrogen phosphate,QED,0.1001,Calculated,
EC_121_logKow,PFASProperty,PFAS_121,(2H-Perfluoroethoxy)methyloxirane,logKow,0.93,Experimental/Predicted,
EC_121_ExposureScore_Water,PFASProperty,PFAS_121,(2H-Perfluoroethoxy)methyloxirane,ExposureScore_Water,0.2,Score,
EC_121_HazScore_EcoChronic,PFASProperty,PFAS_121,(2H-Perfluoroethoxy)methyloxirane,HazScore_EcoChronic,0.02,Score,
EC_121_TPSA,PFASProperty,PFAS_121,(2H-Perfluoroethoxy)methyloxirane,TPSA,21.76,Calculated,
EC_121_QED,PFASProperty,PFAS_121,(2H-Perfluoroethoxy)methyloxirane,QED,0.4723,Calculated,
EC_122_ExposureScore_Water,PFASProperty,PFAS_122,"Ammonium perfluoro-3,6-dioxaoctanoate",ExposureScore_Water,0.2,Score,
EC_122_HazScore_EcoChronic,PFASProperty,PFAS_122,"Ammonium perfluoro-3,6-dioxaoctanoate",HazScore_EcoChronic,0.08,Score,
EC_122_TPSA,PFASProperty,PFAS_122,"Ammonium perfluoro-3,6-dioxaoctanoate",TPSA,95.09,Calculated,
EC_122_QED,PFASProperty,PFAS_122,"Ammonium perfluoro-3,6-dioxaoctanoate",QED,0.7313,Calculated,
EC_123_logKow,PFASProperty,PFAS_123,Ethyl perfluorononan-1-oate,logKow,6.26,Experimental/Predicted,
EC_123_ExposureScore_Water,PFASProperty,PFAS_123,Ethyl perfluorononan-1-oate,ExposureScore_Water,0.2,Score,
EC_123_HazScore_EcoChronic,PFASProperty,PFAS_123,Ethyl perfluorononan-1-oate,HazScore_EcoChronic,0.01,Score,
EC_123_TPSA,PFASProperty,PFAS_123,Ethyl perfluorononan-1-oate,TPSA,26.3,Calculated,
EC_123_QED,PFASProperty,PFAS_123,Ethyl perfluorononan-1-oate,QED,0.328,Calculated,
EC_124_logKow,PFASProperty,PFAS_124,N-Ethyl-N-(2-hydroxyethyl)perfluorooctanesulfonamide,logKow,6.0,Experimental/Predicted,
EC_124_ExposureScore_Water,PFASProperty,PFAS_124,N-Ethyl-N-(2-hydroxyethyl)perfluorooctanesulfonamide,ExposureScore_Water,0.37,Score,
EC_124_HazScore_EcoChronic,PFASProperty,PFAS_124,N-Ethyl-N-(2-hydroxyethyl)perfluorooctanesulfonamide,HazScore_EcoChronic,0.08,Score,
EC_124_TPSA,PFASProperty,PFAS_124,N-Ethyl-N-(2-hydroxyethyl)perfluorooctanesulfonamide,TPSA,57.61,Calculated,
EC_124_QED,PFASProperty,PFAS_124,N-Ethyl-N-(2-hydroxyethyl)perfluorooctanesulfonamide,QED,0.3695,Calculated,
EC_125_logKow,PFASProperty,PFAS_125,Perfluoromethyloxirane,logKow,1.72,Experimental/Predicted,
EC_125_ExposureScore_Water,PFASProperty,PFAS_125,Perfluoromethyloxirane,ExposureScore_Water,0.19,Score,
EC_125_HazScore_EcoChronic,PFASProperty,PFAS_125,Perfluoromethyloxirane,HazScore_EcoChronic,0.05,Score,
EC_125_TPSA,PFASProperty,PFAS_125,Perfluoromethyloxirane,TPSA,12.53,Calculated,
EC_125_QED,PFASProperty,PFAS_125,Perfluoromethyloxirane,QED,0.3947,Calculated,
EC_126_logKow,PFASProperty,PFAS_126,"1H,1H,2H-Perfluoro-1-hexene",logKow,4.4,Experimental/Predicted,
EC_126_ExposureScore_Water,PFASProperty,PFAS_126,"1H,1H,2H-Perfluoro-1-hexene",ExposureScore_Water,0.19,Score,
EC_126_TPSA,PFASProperty,PFAS_126,"1H,1H,2H-Perfluoro-1-hexene",TPSA,0.0,Calculated,
EC_126_QED,PFASProperty,PFAS_126,"1H,1H,2H-Perfluoro-1-hexene",QED,0.5264,Calculated,
EC_127_logKow,PFASProperty,PFAS_127,"Piperidine, 2,2,3,3,4,4,5,5,6,6-decafluoro-1-(pentafluoroethyl)-",logKow,3.56,Experimental/Predicted,
EC_127_ExposureScore_Water,PFASProperty,PFAS_127,"Piperidine, 2,2,3,3,4,4,5,5,6,6-decafluoro-1-(pentafluoroethyl)-",ExposureScore_Water,0.2,Score,
EC_127_HazScore_EcoChronic,PFASProperty,PFAS_127,"Piperidine, 2,2,3,3,4,4,5,5,6,6-decafluoro-1-(pentafluoroethyl)-",HazScore_EcoChronic,0.13,Score,
EC_127_TPSA,PFASProperty,PFAS_127,"Piperidine, 2,2,3,3,4,4,5,5,6,6-decafluoro-1-(pentafluoroethyl)-",TPSA,3.24,Calculated,
EC_127_QED,PFASProperty,PFAS_127,"Piperidine, 2,2,3,3,4,4,5,5,6,6-decafluoro-1-(pentafluoroethyl)-",QED,0.4747,Calculated,
EC_128_logKow,PFASProperty,PFAS_128,Perfluoropentanoic acid (PFPeA),logKow,2.81,Experimental/Predicted,
EC_128_ExposureScore_Water,PFASProperty,PFAS_128,Perfluoropentanoic acid (PFPeA),ExposureScore_Water,0.21,Score,
EC_128_HazScore_EcoChronic,PFASProperty,PFAS_128,Perfluoropentanoic acid (PFPeA),HazScore_EcoChronic,0.02,Score,
EC_128_TPSA,PFASProperty,PFAS_128,Perfluoropentanoic acid (PFPeA),TPSA,37.3,Calculated,
EC_128_QED,PFASProperty,PFAS_128,Perfluoropentanoic acid (PFPeA),QED,0.7951,Calculated,
EC_129_logKow,PFASProperty,PFAS_129,2-(Perfluorohexadecyl)ethanol,logKow,11.1,Experimental/Predicted,
EC_129_ExposureScore_Water,PFASProperty,PFAS_129,2-(Perfluorohexadecyl)ethanol,ExposureScore_Water,0.3,Score,
EC_129_HazScore_EcoChronic,PFASProperty,PFAS_129,2-(Perfluorohexadecyl)ethanol,HazScore_EcoChronic,0.01,Score,
EC_129_TPSA,PFASProperty,PFAS_129,2-(Perfluorohexadecyl)ethanol,TPSA,20.23,Calculated,
EC_129_QED,PFASProperty,PFAS_129,2-(Perfluorohexadecyl)ethanol,QED,0.1534,Calculated,
EC_130_logKow,PFASProperty,PFAS_130,N-(2-Hydroxyethyl)-N-methyl-perfluoroheptanesulfonamide,logKow,4.84,Experimental/Predicted,
EC_130_ExposureScore_Water,PFASProperty,PFAS_130,N-(2-Hydroxyethyl)-N-methyl-perfluoroheptanesulfonamide,ExposureScore_Water,0.3,Score,
EC_130_HazScore_EcoChronic,PFASProperty,PFAS_130,N-(2-Hydroxyethyl)-N-methyl-perfluoroheptanesulfonamide,HazScore_EcoChronic,0.08,Score,
EC_130_TPSA,PFASProperty,PFAS_130,N-(2-Hydroxyethyl)-N-methyl-perfluoroheptanesulfonamide,TPSA,57.61,Calculated,
EC_130_QED,PFASProperty,PFAS_130,N-(2-Hydroxyethyl)-N-methyl-perfluoroheptanesulfonamide,QED,0.4862,Calculated,
EC_131_logKow,PFASProperty,PFAS_131,Perfluoropentane sulfonamido amine,logKow,4.45,Experimental/Predicted,
EC_131_ExposureScore_Water,PFASProperty,PFAS_131,Perfluoropentane sulfonamido amine,ExposureScore_Water,0.2,Score,
EC_131_HazScore_EcoChronic,PFASProperty,PFAS_131,Perfluoropentane sulfonamido amine,HazScore_EcoChronic,0.13,Score,
EC_131_TPSA,PFASProperty,PFAS_131,Perfluoropentane sulfonamido amine,TPSA,49.41,Calculated,
EC_131_QED,PFASProperty,PFAS_131,Perfluoropentane sulfonamido amine,QED,0.4488,Calculated,
EC_132_logKow,PFASProperty,PFAS_132,Perfluoro(2-methyl-3-oxahexanoyl) fluoride,logKow,2.49,Experimental/Predicted,
EC_132_ExposureScore_Water,PFASProperty,PFAS_132,Perfluoro(2-methyl-3-oxahexanoyl) fluoride,ExposureScore_Water,0.24,Score,
EC_132_HazScore_EcoChronic,PFASProperty,PFAS_132,Perfluoro(2-methyl-3-oxahexanoyl) fluoride,HazScore_EcoChronic,0.02,Score,
EC_132_TPSA,PFASProperty,PFAS_132,Perfluoro(2-methyl-3-oxahexanoyl) fluoride,TPSA,26.3,Calculated,
EC_132_QED,PFASProperty,PFAS_132,Perfluoro(2-methyl-3-oxahexanoyl) fluoride,QED,0.5817,Calculated,
EC_133_logKow,PFASProperty,PFAS_133,Perfluoro-2-butyltetrahydrofuran,logKow,6.13,Experimental/Predicted,
EC_133_ExposureScore_Water,PFASProperty,PFAS_133,Perfluoro-2-butyltetrahydrofuran,ExposureScore_Water,0.33,Score,
EC_133_HazScore_EcoChronic,PFASProperty,PFAS_133,Perfluoro-2-butyltetrahydrofuran,HazScore_EcoChronic,0.03,Score,
EC_133_TPSA,PFASProperty,PFAS_133,Perfluoro-2-butyltetrahydrofuran,TPSA,9.23,Calculated,
EC_133_QED,PFASProperty,PFAS_133,Perfluoro-2-butyltetrahydrofuran,QED,0.5882,Calculated,
EC_134_ExposureScore_Water,PFASProperty,PFAS_134,"3-((Perfluoroheptyl)sulfonylamino)-N,N,N-trimethyl-1-propanaminium iodide",ExposureScore_Water,0.25,Score,
EC_134_HazScore_EcoChronic,PFASProperty,PFAS_134,"3-((Perfluoroheptyl)sulfonylamino)-N,N,N-trimethyl-1-propanaminium iodide",HazScore_EcoChronic,0.08,Score,
EC_134_TPSA,PFASProperty,PFAS_134,"3-((Perfluoroheptyl)sulfonylamino)-N,N,N-trimethyl-1-propanaminium iodide",TPSA,46.17,Calculated,
EC_134_QED,PFASProperty,PFAS_134,"3-((Perfluoroheptyl)sulfonylamino)-N,N,N-trimethyl-1-propanaminium iodide",QED,0.1557,Calculated,
EC_135_ExposureScore_Water,PFASProperty,PFAS_135,"Perfluoro(2-[5-methoxy-1,3-dioxolan-4-yloxy]acetic acid) (C6O4)",ExposureScore_Water,0.23,Score,
EC_135_HazScore_EcoChronic,PFASProperty,PFAS_135,"Perfluoro(2-[5-methoxy-1,3-dioxolan-4-yloxy]acetic acid) (C6O4)",HazScore_EcoChronic,0.01,Score,
EC_135_TPSA,PFASProperty,PFAS_135,"Perfluoro(2-[5-methoxy-1,3-dioxolan-4-yloxy]acetic acid) (C6O4)",TPSA,74.22,Calculated,
EC_135_QED,PFASProperty,PFAS_135,"Perfluoro(2-[5-methoxy-1,3-dioxolan-4-yloxy]acetic acid) (C6O4)",QED,0.7901,Calculated,
EC_136_ExposureScore_Water,PFASProperty,PFAS_136,(Perfluoroethylene)-propylene copolymer,ExposureScore_Water,0.31,Score,
EC_136_TPSA,PFASProperty,PFAS_136,(Perfluoroethylene)-propylene copolymer,TPSA,0.0,Calculated,
EC_136_QED,PFASProperty,PFAS_136,(Perfluoroethylene)-propylene copolymer,QED,0.3596,Calculated,
EC_137_logKow,PFASProperty,PFAS_137,7-H-Perfluoroheptanoic acid,logKow,3.54,Experimental/Predicted,
EC_137_ExposureScore_Water,PFASProperty,PFAS_137,7-H-Perfluoroheptanoic acid,ExposureScore_Water,0.2,Score,
EC_137_HazScore_EcoChronic,PFASProperty,PFAS_137,7-H-Perfluoroheptanoic acid,HazScore_EcoChronic,0.01,Score,
EC_137_TPSA,PFASProperty,PFAS_137,7-H-Perfluoroheptanoic acid,TPSA,37.3,Calculated,
EC_137_QED,PFASProperty,PFAS_137,7-H-Perfluoroheptanoic acid,QED,0.7477,Calculated,
EC_138_logKow,PFASProperty,PFAS_138,N-Methyl-N-(2-hydroxyethyl)perfluorooctanesulfonamide,logKow,5.51,Experimental/Predicted,
EC_138_ExposureScore_Water,PFASProperty,PFAS_138,N-Methyl-N-(2-hydroxyethyl)perfluorooctanesulfonamide,ExposureScore_Water,0.41,Score,
EC_138_HazScore_EcoChronic,PFASProperty,PFAS_138,N-Methyl-N-(2-hydroxyethyl)perfluorooctanesulfonamide,HazScore_EcoChronic,0.02,Score,
EC_138_TPSA,PFASProperty,PFAS_138,N-Methyl-N-(2-hydroxyethyl)perfluorooctanesulfonamide,TPSA,57.61,Calculated,
EC_138_QED,PFASProperty,PFAS_138,N-Methyl-N-(2-hydroxyethyl)perfluorooctanesulfonamide,QED,0.4102,Calculated,
EC_139_logKow,PFASProperty,PFAS_139,Perfluorohexanesulfonic acid (PFHxS),logKow,3.16,Experimental/Predicted,
EC_139_ExposureScore_Water,PFASProperty,PFAS_139,Perfluorohexanesulfonic acid (PFHxS),ExposureScore_Water,0.27,Score,
EC_139_HazScore_EcoChronic,PFASProperty,PFAS_139,Perfluorohexanesulfonic acid (PFHxS),HazScore_EcoChronic,0.01,Score,
EC_139_TPSA,PFASProperty,PFAS_139,Perfluorohexanesulfonic acid (PFHxS),TPSA,54.37,Calculated,
EC_139_QED,PFASProperty,PFAS_139,Perfluorohexanesulfonic acid (PFHxS),QED,0.5674,Calculated,
EC_140_logKow,PFASProperty,PFAS_140,Perflexane,logKow,4.83,Experimental/Predicted,
EC_140_ExposureScore_Water,PFASProperty,PFAS_140,Perflexane,ExposureScore_Water,0.53,Score,
EC_140_HazScore_EcoChronic,PFASProperty,PFAS_140,Perflexane,HazScore_EcoChronic,0.04,Score,
EC_140_TPSA,PFASProperty,PFAS_140,Perflexane,TPSA,0.0,Calculated,
EC_140_QED,PFASProperty,PFAS_140,Perflexane,QED,0.6573,Calculated,
EC_141_logKow,PFASProperty,PFAS_141,Perfluorohexyl iodide,logKow,5.65,Experimental/Predicted,
EC_141_ExposureScore_Water,PFASProperty,PFAS_141,Perfluorohexyl iodide,ExposureScore_Water,0.32,Score,
EC_141_HazScore_EcoChronic,PFASProperty,PFAS_141,Perfluorohexyl iodide,HazScore_EcoChronic,0.07,Score,
EC_141_TPSA,PFASProperty,PFAS_141,Perfluorohexyl iodide,TPSA,0.0,Calculated,
EC_141_QED,PFASProperty,PFAS_141,Perfluorohexyl iodide,QED,0.32,Calculated,
EC_142_logKow,PFASProperty,PFAS_142,Perfluoro(N-methylmorpholine),logKow,3.07,Experimental/Predicted,
EC_142_ExposureScore_Water,PFASProperty,PFAS_142,Perfluoro(N-methylmorpholine),ExposureScore_Water,0.35,Score,
EC_142_HazScore_EcoChronic,PFASProperty,PFAS_142,Perfluoro(N-methylmorpholine),HazScore_EcoChronic,0.03,Score,
EC_142_TPSA,PFASProperty,PFAS_142,Perfluoro(N-methylmorpholine),TPSA,12.47,Calculated,
EC_142_QED,PFASProperty,PFAS_142,Perfluoro(N-methylmorpholine),QED,0.5029,Calculated,
EC_143_logKow,PFASProperty,PFAS_143,Perfluoromethylcyclopentane,logKow,4.26,Experimental/Predicted,
EC_143_ExposureScore_Water,PFASProperty,PFAS_143,Perfluoromethylcyclopentane,ExposureScore_Water,0.23,Score,
EC_143_HazScore_EcoChronic,PFASProperty,PFAS_143,Perfluoromethylcyclopentane,HazScore_EcoChronic,0.01,Score,
EC_143_TPSA,PFASProperty,PFAS_143,Perfluoromethylcyclopentane,TPSA,0.0,Calculated,
EC_143_QED,PFASProperty,PFAS_143,Perfluoromethylcyclopentane,QED,0.5968,Calculated,
EC_144_logKow,PFASProperty,PFAS_144,Perfluorohexane sulfonamido amine,logKow,5.12,Experimental/Predicted,
EC_144_ExposureScore_Water,PFASProperty,PFAS_144,Perfluorohexane sulfonamido amine,ExposureScore_Water,0.2,Score,
EC_144_HazScore_EcoChronic,PFASProperty,PFAS_144,Perfluorohexane sulfonamido amine,HazScore_EcoChronic,0.13,Score,
EC_144_TPSA,PFASProperty,PFAS_144,Perfluorohexane sulfonamido amine,TPSA,49.41,Calculated,
EC_144_QED,PFASProperty,PFAS_144,Perfluorohexane sulfonamido amine,QED,0.3815,Calculated,
EC_145_ExposureScore_Water,PFASProperty,PFAS_145,N-ethyl-N-[2-(phosphonooxy)ethyl]perfluorooctanesulfonamide diammonium salt,ExposureScore_Water,0.25,Score,
EC_145_HazScore_EcoChronic,PFASProperty,PFAS_145,N-ethyl-N-[2-(phosphonooxy)ethyl]perfluorooctanesulfonamide diammonium salt,HazScore_EcoChronic,0.08,Score,
EC_145_TPSA,PFASProperty,PFAS_145,N-ethyl-N-[2-(phosphonooxy)ethyl]perfluorooctanesulfonamide diammonium salt,TPSA,182.8,Calculated,
EC_145_QED,PFASProperty,PFAS_145,N-ethyl-N-[2-(phosphonooxy)ethyl]perfluorooctanesulfonamide diammonium salt,QED,0.2164,Calculated,
EC_146_ExposureScore_Water,PFASProperty,PFAS_146,"1H,1H,2H,2H-Perfluorodecyltrimethoxysilane",ExposureScore_Water,0.44,Score,
EC_146_HazScore_EcoChronic,PFASProperty,PFAS_146,"1H,1H,2H,2H-Perfluorodecyltrimethoxysilane",HazScore_EcoChronic,0.02,Score,
EC_146_TPSA,PFASProperty,PFAS_146,"1H,1H,2H,2H-Perfluorodecyltrimethoxysilane",TPSA,27.69,Calculated,
EC_146_QED,PFASProperty,PFAS_146,"1H,1H,2H,2H-Perfluorodecyltrimethoxysilane",QED,0.2056,Calculated,
EC_147_logKow,PFASProperty,PFAS_147,Perfluoro(oxacyclopentane),logKow,2.87,Experimental/Predicted,
EC_147_ExposureScore_Water,PFASProperty,PFAS_147,Perfluoro(oxacyclopentane),ExposureScore_Water,0.28,Score,
EC_147_TPSA,PFASProperty,PFAS_147,Perfluoro(oxacyclopentane),TPSA,9.23,Calculated,
EC_147_QED,PFASProperty,PFAS_147,Perfluoro(oxacyclopentane),QED,0.5649,Calculated,
EC_148_logKow,PFASProperty,PFAS_148,3-(Perfluoroethyl)propanol,logKow,2.22,Experimental/Predicted,
EC_148_ExposureScore_Water,PFASProperty,PFAS_148,3-(Perfluoroethyl)propanol,ExposureScore_Water,0.24,Score,
EC_148_HazScore_EcoChronic,PFASProperty,PFAS_148,3-(Perfluoroethyl)propanol,HazScore_EcoChronic,0.18,Score,
EC_148_TPSA,PFASProperty,PFAS_148,3-(Perfluoroethyl)propanol,TPSA,20.23,Calculated,
EC_148_QED,PFASProperty,PFAS_148,3-(Perfluoroethyl)propanol,QED,0.6546,Calculated,
EC_149_logKow,PFASProperty,PFAS_149,Perfluoro-2-methyl-3-oxahexanoic acid (GenX),logKow,3.36,Experimental/Predicted,
EC_149_ExposureScore_Water,PFASProperty,PFAS_149,Perfluoro-2-methyl-3-oxahexanoic acid (GenX),ExposureScore_Water,0.2,Score,
EC_149_HazScore_EcoChronic,PFASProperty,PFAS_149,Perfluoro-2-methyl-3-oxahexanoic acid (GenX),HazScore_EcoChronic,0.03,Score,
EC_149_TPSA,PFASProperty,PFAS_149,Perfluoro-2-methyl-3-oxahexanoic acid (GenX),TPSA,46.53,Calculated,
EC_149_QED,PFASProperty,PFAS_149,Perfluoro-2-methyl-3-oxahexanoic acid (GenX),QED,0.806,Calculated,
EC_150_logKow,PFASProperty,PFAS_150,2-(N-((Perfluorooctyl)methylsulfonyl)-N-methylamino)ethyl acrylate,logKow,5.88,Experimental/Predicted,
EC_150_ExposureScore_Water,PFASProperty,PFAS_150,2-(N-((Perfluorooctyl)methylsulfonyl)-N-methylamino)ethyl acrylate,ExposureScore_Water,0.2,Score,
EC_150_HazScore_EcoChronic,PFASProperty,PFAS_150,2-(N-((Perfluorooctyl)methylsulfonyl)-N-methylamino)ethyl acrylate,HazScore_EcoChronic,0.08,Score,
EC_150_TPSA,PFASProperty,PFAS_150,2-(N-((Perfluorooctyl)methylsulfonyl)-N-methylamino)ethyl acrylate,TPSA,63.68,Calculated,
EC_150_QED,PFASProperty,PFAS_150,2-(N-((Perfluorooctyl)methylsulfonyl)-N-methylamino)ethyl acrylate,QED,0.1646,Calculated,
EC_151_logKow,PFASProperty,PFAS_151,1-(Carboxymethyl)-1-(2-hydroxyethyl)-4-(perfluoro-1-oxodecyl)piperazinium,logKow,3.11,Experimental/Predicted,
EC_151_ExposureScore_Water,PFASProperty,PFAS_151,1-(Carboxymethyl)-1-(2-hydroxyethyl)-4-(perfluoro-1-oxodecyl)piperazinium,ExposureScore_Water,0.2,Score,
EC_151_HazScore_EcoChronic,PFASProperty,PFAS_151,1-(Carboxymethyl)-1-(2-hydroxyethyl)-4-(perfluoro-1-oxodecyl)piperazinium,HazScore_EcoChronic,0.08,Score,
EC_151_TPSA,PFASProperty,PFAS_151,1-(Carboxymethyl)-1-(2-hydroxyethyl)-4-(perfluoro-1-oxodecyl)piperazinium,TPSA,80.67,Calculated,
EC_151_QED,PFASProperty,PFAS_151,1-(Carboxymethyl)-1-(2-hydroxyethyl)-4-(perfluoro-1-oxodecyl)piperazinium,QED,0.2536,Calculated,
EC_152_logKow,PFASProperty,PFAS_152,(Perfluorooctyl)-2-hydroxypropyl dihydrogen phosphate,logKow,4.62,Experimental/Predicted,
EC_152_ExposureScore_Water,PFASProperty,PFAS_152,(Perfluorooctyl)-2-hydroxypropyl dihydrogen phosphate,ExposureScore_Water,0.2,Score,
EC_152_HazScore_EcoChronic,PFASProperty,PFAS_152,(Perfluorooctyl)-2-hydroxypropyl dihydrogen phosphate,HazScore_EcoChronic,0.08,Score,
EC_152_TPSA,PFASProperty,PFAS_152,(Perfluorooctyl)-2-hydroxypropyl dihydrogen phosphate,TPSA,86.99,Calculated,
EC_152_QED,PFASProperty,PFAS_152,(Perfluorooctyl)-2-hydroxypropyl dihydrogen phosphate,QED,0.2428,Calculated,
EC_153_logKow,PFASProperty,PFAS_153,Perfluorohexylbromide,logKow,5.23,Experimental/Predicted,
EC_153_ExposureScore_Water,PFASProperty,PFAS_153,Perfluorohexylbromide,ExposureScore_Water,0.2,Score,
EC_153_HazScore_EcoChronic,PFASProperty,PFAS_153,Perfluorohexylbromide,HazScore_EcoChronic,0.01,Score,
EC_153_TPSA,PFASProperty,PFAS_153,Perfluorohexylbromide,TPSA,0.0,Calculated,
EC_153_QED,PFASProperty,PFAS_153,Perfluorohexylbromide,QED,0.4574,Calculated,
EC_154_logKow,PFASProperty,PFAS_154,Perfluorododecanoic acid (PFDoDA),logKow,7.49,Experimental/Predicted,
EC_154_ExposureScore_Water,PFASProperty,PFAS_154,Perfluorododecanoic acid (PFDoDA),ExposureScore_Water,0.29,Score,
EC_154_HazScore_EcoChronic,PFASProperty,PFAS_154,Perfluorododecanoic acid (PFDoDA),HazScore_EcoChronic,0.2,Score,
EC_154_TPSA,PFASProperty,PFAS_154,Perfluorododecanoic acid (PFDoDA),TPSA,37.3,Calculated,
EC_154_QED,PFASProperty,PFAS_154,Perfluorododecanoic acid (PFDoDA),QED,0.2699,Calculated,
EC_155_logKow,PFASProperty,PFAS_155,Perfluorononanoic acid (PFNA),logKow,5.48,Experimental/Predicted,
EC_155_ExposureScore_Water,PFASProperty,PFAS_155,Perfluorononanoic acid (PFNA),ExposureScore_Water,0.29,Score,
EC_155_HazScore_EcoChronic,PFASProperty,PFAS_155,Perfluorononanoic acid (PFNA),HazScore_EcoChronic,0.41,Score,
EC_155_TPSA,PFASProperty,PFAS_155,Perfluorononanoic acid (PFNA),TPSA,37.3,Calculated,
EC_155_QED,PFASProperty,PFAS_155,Perfluorononanoic acid (PFNA),QED,0.5343,Calculated,
EC_156_logKow,PFASProperty,PFAS_156,Perfluorooctanoic acid (PFOA),logKow,4.81,Experimental/Predicted,
EC_156_ExposureScore_Water,PFASProperty,PFAS_156,Perfluorooctanoic acid (PFOA),ExposureScore_Water,0.29,Score,
EC_156_HazScore_EcoChronic,PFASProperty,PFAS_156,Perfluorooctanoic acid (PFOA),HazScore_EcoChronic,0.43,Score,
EC_156_TPSA,PFASProperty,PFAS_156,Perfluorooctanoic acid (PFOA),TPSA,37.3,Calculated,
EC_156_QED,PFASProperty,PFAS_156,Perfluorooctanoic acid (PFOA),QED,0.6531,Calculated,
EC_157_logKow,PFASProperty,PFAS_157,Ammonium perfluorooctanoate,logKow,3.37,Experimental/Predicted,
EC_157_ExposureScore_Water,PFASProperty,PFAS_157,Ammonium perfluorooctanoate,ExposureScore_Water,0.51,Score,
EC_157_HazScore_EcoChronic,PFASProperty,PFAS_157,Ammonium perfluorooctanoate,HazScore_EcoChronic,0.41,Score,
EC_158_logKow,PFASProperty,PFAS_158,Perfluoroundecanoic acid (PFUnDA),logKow,6.82,Experimental/Predicted,
EC_158_ExposureScore_Water,PFASProperty,PFAS_158,Perfluoroundecanoic acid (PFUnDA),ExposureScore_Water,0.21,Score,
EC_158_HazScore_EcoChronic,PFASProperty,PFAS_158,Perfluoroundecanoic acid (PFUnDA),HazScore_EcoChronic,0.02,Score,
EC_158_TPSA,PFASProperty,PFAS_158,Perfluoroundecanoic acid (PFUnDA),TPSA,37.3,Calculated,
EC_158_QED,PFASProperty,PFAS_158,Perfluoroundecanoic acid (PFUnDA),QED,0.3319,Calculated,
EC_159_ExposureScore_Water,PFASProperty,PFAS_159,Perfluorooctanesulfonamido ammonium iodide,ExposureScore_Water,0.25,Score,
EC_159_HazScore_EcoChronic,PFASProperty,PFAS_159,Perfluorooctanesulfonamido ammonium iodide,HazScore_EcoChronic,0.08,Score,
EC_159_TPSA,PFASProperty,PFAS_159,Perfluorooctanesulfonamido ammonium iodide,TPSA,46.17,Calculated,
EC_159_QED,PFASProperty,PFAS_159,Perfluorooctanesulfonamido ammonium iodide,QED,0.145,Calculated,
EC_160_logKow,PFASProperty,PFAS_160,Perfluoroheptane,logKow,5.5,Experimental/Predicted,
EC_160_ExposureScore_Water,PFASProperty,PFAS_160,Perfluoroheptane,ExposureScore_Water,0.33,Score,
EC_160_HazScore_EcoChronic,PFASProperty,PFAS_160,Perfluoroheptane,HazScore_EcoChronic,0.01,Score,
EC_160_TPSA,PFASProperty,PFAS_160,Perfluoroheptane,TPSA,0.0,Calculated,
EC_160_QED,PFASProperty,PFAS_160,Perfluoroheptane,QED,0.5748,Calculated,
EC_161_logKow,PFASProperty,PFAS_161,Perfluoroheptanesulfonic acid (PFHpS),logKow,3.82,Experimental/Predicted,
EC_161_ExposureScore_Water,PFASProperty,PFAS_161,Perfluoroheptanesulfonic acid (PFHpS),ExposureScore_Water,0.2,Score,
EC_161_HazScore_EcoChronic,PFASProperty,PFAS_161,Perfluoroheptanesulfonic acid (PFHpS),HazScore_EcoChronic,0.01,Score,
EC_161_TPSA,PFASProperty,PFAS_161,Perfluoroheptanesulfonic acid (PFHpS),TPSA,54.37,Calculated,
EC_161_QED,PFASProperty,PFAS_161,Perfluoroheptanesulfonic acid (PFHpS),QED,0.4878,Calculated,
EC_162_logKow,PFASProperty,PFAS_162,Methyl perfluorooctanoate,logKow,5.1,Experimental/Predicted,
EC_162_ExposureScore_Water,PFASProperty,PFAS_162,Methyl perfluorooctanoate,ExposureScore_Water,0.24,Score,
EC_162_HazScore_EcoChronic,PFASProperty,PFAS_162,Methyl perfluorooctanoate,HazScore_EcoChronic,0.01,Score,
EC_162_TPSA,PFASProperty,PFAS_162,Methyl perfluorooctanoate,TPSA,26.3,Calculated,
EC_162_QED,PFASProperty,PFAS_162,Methyl perfluorooctanoate,QED,0.4593,Calculated,
EC_163_logKow,PFASProperty,PFAS_163,Perfluoropropanoic acid (PFPrA),logKow,1.47,Experimental/Predicted,
EC_163_ExposureScore_Water,PFASProperty,PFAS_163,Perfluoropropanoic acid (PFPrA),ExposureScore_Water,0.24,Score,
EC_163_HazScore_EcoChronic,PFASProperty,PFAS_163,Perfluoropropanoic acid (PFPrA),HazScore_EcoChronic,0.03,Score,
EC_163_TPSA,PFASProperty,PFAS_163,Perfluoropropanoic acid (PFPrA),TPSA,37.3,Calculated,
EC_163_QED,PFASProperty,PFAS_163,Perfluoropropanoic acid (PFPrA),QED,0.5921,Calculated,
EC_164_logKow,PFASProperty,PFAS_164,Perfluorodecyl iodide,logKow,8.33,Experimental/Predicted,
EC_164_ExposureScore_Water,PFASProperty,PFAS_164,Perfluorodecyl iodide,ExposureScore_Water,0.28,Score,
EC_164_HazScore_EcoChronic,PFASProperty,PFAS_164,Perfluorodecyl iodide,HazScore_EcoChronic,0.01,Score,
EC_164_TPSA,PFASProperty,PFAS_164,Perfluorodecyl iodide,TPSA,0.0,Calculated,
EC_164_QED,PFASProperty,PFAS_164,Perfluorodecyl iodide,QED,0.1445,Calculated,
EC_165_logKow,PFASProperty,PFAS_165,"1H,1H-Perfluorobutyl acrylate",logKow,3.27,Experimental/Predicted,
EC_165_ExposureScore_Water,PFASProperty,PFAS_165,"1H,1H-Perfluorobutyl acrylate",ExposureScore_Water,0.2,Score,
EC_165_HazScore_EcoChronic,PFASProperty,PFAS_165,"1H,1H-Perfluorobutyl acrylate",HazScore_EcoChronic,0.02,Score,
EC_165_TPSA,PFASProperty,PFAS_165,"1H,1H-Perfluorobutyl acrylate",TPSA,26.3,Calculated,
EC_165_QED,PFASProperty,PFAS_165,"1H,1H-Perfluorobutyl acrylate",QED,0.4375,Calculated,
EC_166_logKow,PFASProperty,PFAS_166,"1H,1H,2H,2H-Perfluorohexyl methacrylate",logKow,4.98,Experimental/Predicted,
EC_166_ExposureScore_Water,PFASProperty,PFAS_166,"1H,1H,2H,2H-Perfluorohexyl methacrylate",ExposureScore_Water,0.28,Score,
EC_166_HazScore_EcoChronic,PFASProperty,PFAS_166,"1H,1H,2H,2H-Perfluorohexyl methacrylate",HazScore_EcoChronic,0.01,Score,
EC_166_TPSA,PFASProperty,PFAS_166,"1H,1H,2H,2H-Perfluorohexyl methacrylate",TPSA,26.3,Calculated,
EC_166_QED,PFASProperty,PFAS_166,"1H,1H,2H,2H-Perfluorohexyl methacrylate",QED,0.418,Calculated,
EC_167_logKow,PFASProperty,PFAS_167,2-(Perfluorooctyl)ethyl methacrylate,logKow,7.65,Experimental/Predicted,
EC_167_ExposureScore_Water,PFASProperty,PFAS_167,2-(Perfluorooctyl)ethyl methacrylate,ExposureScore_Water,0.31,Score,
EC_167_HazScore_EcoChronic,PFASProperty,PFAS_167,2-(Perfluorooctyl)ethyl methacrylate,HazScore_EcoChronic,0.1,Score,
EC_167_TPSA,PFASProperty,PFAS_167,2-(Perfluorooctyl)ethyl methacrylate,TPSA,26.3,Calculated,
EC_167_QED,PFASProperty,PFAS_167,2-(Perfluorooctyl)ethyl methacrylate,QED,0.1825,Calculated,
EC_168_logKow,PFASProperty,PFAS_168,Perfluoropentanesulfonic acid (PFPeS),logKow,2.49,Experimental/Predicted,
EC_168_ExposureScore_Water,PFASProperty,PFAS_168,Perfluoropentanesulfonic acid (PFPeS),ExposureScore_Water,0.17,Score,
EC_168_HazScore_EcoChronic,PFASProperty,PFAS_168,Perfluoropentanesulfonic acid (PFPeS),HazScore_EcoChronic,0.08,Score,
EC_168_TPSA,PFASProperty,PFAS_168,Perfluoropentanesulfonic acid (PFPeS),TPSA,54.37,Calculated,
EC_168_QED,PFASProperty,PFAS_168,Perfluoropentanesulfonic acid (PFPeS),QED,0.6267,Calculated,
EC_169_logKow,PFASProperty,PFAS_169,N-ethyl-N-[2-(phosphonooxy)ethyl]perfluorooctanesulfonamide,logKow,5.91,Experimental/Predicted,
EC_169_ExposureScore_Water,PFASProperty,PFAS_169,N-ethyl-N-[2-(phosphonooxy)ethyl]perfluorooctanesulfonamide,ExposureScore_Water,0.2,Score,
EC_169_HazScore_EcoChronic,PFASProperty,PFAS_169,N-ethyl-N-[2-(phosphonooxy)ethyl]perfluorooctanesulfonamide,HazScore_EcoChronic,0.08,Score,
EC_169_TPSA,PFASProperty,PFAS_169,N-ethyl-N-[2-(phosphonooxy)ethyl]perfluorooctanesulfonamide,TPSA,104.14,Calculated,
EC_169_QED,PFASProperty,PFAS_169,N-ethyl-N-[2-(phosphonooxy)ethyl]perfluorooctanesulfonamide,QED,0.2211,Calculated,
EC_170_logKow,PFASProperty,PFAS_170,(Perfluorohexyl)ethylene,logKow,5.74,Experimental/Predicted,
EC_170_ExposureScore_Water,PFASProperty,PFAS_170,(Perfluorohexyl)ethylene,ExposureScore_Water,0.37,Score,
EC_170_HazScore_EcoChronic,PFASProperty,PFAS_170,(Perfluorohexyl)ethylene,HazScore_EcoChronic,0.06,Score,
EC_170_TPSA,PFASProperty,PFAS_170,(Perfluorohexyl)ethylene,TPSA,0.0,Calculated,
EC_170_QED,PFASProperty,PFAS_170,(Perfluorohexyl)ethylene,QED,0.4902,Calculated,
EC_171_ExposureScore_Water,PFASProperty,PFAS_171,N-Ethyl-N-[3-(trimethoxysilyl)propyl]perfluorooctanesulfonamide,ExposureScore_Water,0.2,Score,
EC_171_HazScore_EcoChronic,PFASProperty,PFAS_171,N-Ethyl-N-[3-(trimethoxysilyl)propyl]perfluorooctanesulfonamide,HazScore_EcoChronic,0.08,Score,
EC_171_TPSA,PFASProperty,PFAS_171,N-Ethyl-N-[3-(trimethoxysilyl)propyl]perfluorooctanesulfonamide,TPSA,65.07,Calculated,
EC_171_QED,PFASProperty,PFAS_171,N-Ethyl-N-[3-(trimethoxysilyl)propyl]perfluorooctanesulfonamide,QED,0.15,Calculated,
EC_172_logKow,PFASProperty,PFAS_172,(Perfluorohexadecyl)ethyl iodide,logKow,13.32,Experimental/Predicted,
EC_172_ExposureScore_Water,PFASProperty,PFAS_172,(Perfluorohexadecyl)ethyl iodide,ExposureScore_Water,0.24,Score,
EC_172_HazScore_EcoChronic,PFASProperty,PFAS_172,(Perfluorohexadecyl)ethyl iodide,HazScore_EcoChronic,0.08,Score,
EC_172_TPSA,PFASProperty,PFAS_172,(Perfluorohexadecyl)ethyl iodide,TPSA,0.0,Calculated,
EC_172_QED,PFASProperty,PFAS_172,(Perfluorohexadecyl)ethyl iodide,QED,0.0821,Calculated,
EC_173_logKow,PFASProperty,PFAS_173,N-Methylperfluorooctanesulfonamidoethyl acrylate,logKow,6.87,Experimental/Predicted,
EC_173_ExposureScore_Water,PFASProperty,PFAS_173,N-Methylperfluorooctanesulfonamidoethyl acrylate,ExposureScore_Water,0.29,Score,
EC_173_HazScore_EcoChronic,PFASProperty,PFAS_173,N-Methylperfluorooctanesulfonamidoethyl acrylate,HazScore_EcoChronic,0.08,Score,
EC_173_TPSA,PFASProperty,PFAS_173,N-Methylperfluorooctanesulfonamidoethyl acrylate,TPSA,63.68,Calculated,
EC_173_QED,PFASProperty,PFAS_173,N-Methylperfluorooctanesulfonamidoethyl acrylate,QED,0.1783,Calculated,
EC_174_logKow,PFASProperty,PFAS_174,1-Hydroperfluoroheptane,logKow,4.89,Experimental/Predicted,
EC_174_ExposureScore_Water,PFASProperty,PFAS_174,1-Hydroperfluoroheptane,ExposureScore_Water,0.44,Score,
EC_174_HazScore_EcoChronic,PFASProperty,PFAS_174,1-Hydroperfluoroheptane,HazScore_EcoChronic,0.03,Score,
EC_174_TPSA,PFASProperty,PFAS_174,1-Hydroperfluoroheptane,TPSA,0.0,Calculated,
EC_174_QED,PFASProperty,PFAS_174,1-Hydroperfluoroheptane,QED,0.5986,Calculated,
EC_175_logKow,PFASProperty,PFAS_175,3-(Perfluoro(11-methyldodecyl))-2-hydroxypropyl dihydrogen phosphate,logKow,8.15,Experimental/Predicted,
EC_175_ExposureScore_Water,PFASProperty,PFAS_175,3-(Perfluoro(11-methyldodecyl))-2-hydroxypropyl dihydrogen phosphate,ExposureScore_Water,0.24,Score,
EC_175_HazScore_EcoChronic,PFASProperty,PFAS_175,3-(Perfluoro(11-methyldodecyl))-2-hydroxypropyl dihydrogen phosphate,HazScore_EcoChronic,0.08,Score,
EC_175_TPSA,PFASProperty,PFAS_175,3-(Perfluoro(11-methyldodecyl))-2-hydroxypropyl dihydrogen phosphate,TPSA,86.99,Calculated,
EC_175_QED,PFASProperty,PFAS_175,3-(Perfluoro(11-methyldodecyl))-2-hydroxypropyl dihydrogen phosphate,QED,0.1152,Calculated,
EC_176_logKow,PFASProperty,PFAS_176,Perfluoro(3-(1-(ethenyloxy)propan-2-yloxy)propanenitrile),logKow,3.66,Experimental/Predicted,
EC_176_ExposureScore_Water,PFASProperty,PFAS_176,Perfluoro(3-(1-(ethenyloxy)propan-2-yloxy)propanenitrile),ExposureScore_Water,0.2,Score,
EC_176_HazScore_EcoChronic,PFASProperty,PFAS_176,Perfluoro(3-(1-(ethenyloxy)propan-2-yloxy)propanenitrile),HazScore_EcoChronic,0.04,Score,
EC_176_TPSA,PFASProperty,PFAS_176,Perfluoro(3-(1-(ethenyloxy)propan-2-yloxy)propanenitrile),TPSA,42.25,Calculated,
EC_176_QED,PFASProperty,PFAS_176,Perfluoro(3-(1-(ethenyloxy)propan-2-yloxy)propanenitrile),QED,0.4918,Calculated,
EC_177_logKow,PFASProperty,PFAS_177,"N,N-Dimethyl-3-((perfluorohexyl)ethylsulfonyl)aminopropanamine N-oxide",logKow,3.78,Experimental/Predicted,
EC_177_ExposureScore_Water,PFASProperty,PFAS_177,"N,N-Dimethyl-3-((perfluorohexyl)ethylsulfonyl)aminopropanamine N-oxide",ExposureScore_Water,0.59,Score,
EC_177_HazScore_EcoChronic,PFASProperty,PFAS_177,"N,N-Dimethyl-3-((perfluorohexyl)ethylsulfonyl)aminopropanamine N-oxide",HazScore_EcoChronic,0.08,Score,
EC_177_TPSA,PFASProperty,PFAS_177,"N,N-Dimethyl-3-((perfluorohexyl)ethylsulfonyl)aminopropanamine N-oxide",TPSA,64.88,Calculated,
EC_177_QED,PFASProperty,PFAS_177,"N,N-Dimethyl-3-((perfluorohexyl)ethylsulfonyl)aminopropanamine N-oxide",QED,0.3129,Calculated,
EC_178_logKow,PFASProperty,PFAS_178,1-(Perfluoroethoxy)perfluoropropane,logKow,4.6,Experimental/Predicted,
EC_178_ExposureScore_Water,PFASProperty,PFAS_178,1-(Perfluoroethoxy)perfluoropropane,ExposureScore_Water,0.58,Score,
EC_178_HazScore_EcoChronic,PFASProperty,PFAS_178,1-(Perfluoroethoxy)perfluoropropane,HazScore_EcoChronic,0.01,Score,
EC_178_TPSA,PFASProperty,PFAS_178,1-(Perfluoroethoxy)perfluoropropane,TPSA,9.23,Calculated,
EC_178_QED,PFASProperty,PFAS_178,1-(Perfluoroethoxy)perfluoropropane,QED,0.7175,Calculated,
EC_179_ExposureScore_Water,PFASProperty,PFAS_179,Perfluoro(2-((6-chlorohexyl)oxy)ethanesulfonic acid),ExposureScore_Water,0.02,Score,
EC_179_TPSA,PFASProperty,PFAS_179,Perfluoro(2-((6-chlorohexyl)oxy)ethanesulfonic acid),TPSA,63.6,Calculated,
EC_179_QED,PFASProperty,PFAS_179,Perfluoro(2-((6-chlorohexyl)oxy)ethanesulfonic acid),QED,0.2568,Calculated,
EC_180_logKow,PFASProperty,PFAS_180,"1,6-Diiodoperfluorohexane",logKow,6.47,Experimental/Predicted,
EC_180_ExposureScore_Water,PFASProperty,PFAS_180,"1,6-Diiodoperfluorohexane",ExposureScore_Water,0.21,Score,
EC_180_HazScore_EcoChronic,PFASProperty,PFAS_180,"1,6-Diiodoperfluorohexane",HazScore_EcoChronic,0.14,Score,
EC_180_TPSA,PFASProperty,PFAS_180,"1,6-Diiodoperfluorohexane",TPSA,0.0,Calculated,
EC_180_QED,PFASProperty,PFAS_180,"1,6-Diiodoperfluorohexane",QED,0.2368,Calculated,
EC_181_logKow,PFASProperty,PFAS_181,Perfluoroglutaric anhydride,logKow,2.19,Experimental/Predicted,
EC_181_ExposureScore_Water,PFASProperty,PFAS_181,Perfluoroglutaric anhydride,ExposureScore_Water,0.2,Score,
EC_181_HazScore_EcoChronic,PFASProperty,PFAS_181,Perfluoroglutaric anhydride,HazScore_EcoChronic,0.02,Score,
EC_181_TPSA,PFASProperty,PFAS_181,Perfluoroglutaric anhydride,TPSA,43.37,Calculated,
EC_181_QED,PFASProperty,PFAS_181,Perfluoroglutaric anhydride,QED,0.3482,Calculated,
EC_182_logKow,PFASProperty,PFAS_182,3-Perfluoroheptylpropanoic acid (7:3 FTCA),logKow,5.8,Experimental/Predicted,
EC_182_ExposureScore_Water,PFASProperty,PFAS_182,3-Perfluoroheptylpropanoic acid (7:3 FTCA),ExposureScore_Water,0.02,Score,
EC_182_HazScore_EcoChronic,PFASProperty,PFAS_182,3-Perfluoroheptylpropanoic acid (7:3 FTCA),HazScore_EcoChronic,0.01,Score,
EC_182_TPSA,PFASProperty,PFAS_182,3-Perfluoroheptylpropanoic acid (7:3 FTCA),TPSA,37.3,Calculated,
EC_182_QED,PFASProperty,PFAS_182,3-Perfluoroheptylpropanoic acid (7:3 FTCA),QED,0.5236,Calculated,
EC_183_logKow,PFASProperty,PFAS_183,Perflutren,logKow,2.82,Experimental/Predicted,
EC_183_ExposureScore_Water,PFASProperty,PFAS_183,Perflutren,ExposureScore_Water,0.4,Score,
EC_183_HazScore_EcoChronic,PFASProperty,PFAS_183,Perflutren,HazScore_EcoChronic,0.02,Score,
EC_183_TPSA,PFASProperty,PFAS_183,Perflutren,TPSA,0.0,Calculated,
EC_183_QED,PFASProperty,PFAS_183,Perflutren,QED,0.5124,Calculated,
EC_184_logKow,PFASProperty,PFAS_184,Perfluoroheptanesulphonyl fluoride,logKow,7.17,Experimental/Predicted,
EC_184_ExposureScore_Water,PFASProperty,PFAS_184,Perfluoroheptanesulphonyl fluoride,ExposureScore_Water,0.28,Score,
EC_184_HazScore_EcoChronic,PFASProperty,PFAS_184,Perfluoroheptanesulphonyl fluoride,HazScore_EcoChronic,0.08,Score,
EC_184_TPSA,PFASProperty,PFAS_184,Perfluoroheptanesulphonyl fluoride,TPSA,34.14,Calculated,
EC_184_QED,PFASProperty,PFAS_184,Perfluoroheptanesulphonyl fluoride,QED,0.4359,Calculated,
EC_185_logKow,PFASProperty,PFAS_185,Perfluamine,logKow,6.19,Experimental/Predicted,
EC_185_ExposureScore_Water,PFASProperty,PFAS_185,Perfluamine,ExposureScore_Water,0.3,Score,
EC_185_HazScore_EcoChronic,PFASProperty,PFAS_185,Perfluamine,HazScore_EcoChronic,0.01,Score,
EC_185_TPSA,PFASProperty,PFAS_185,Perfluamine,TPSA,3.24,Calculated,
EC_185_QED,PFASProperty,PFAS_185,Perfluamine,QED,0.2795,Calculated,
EC_186_logKow,PFASProperty,PFAS_186,"1H,1H-Perfluoropropyl acrylate",logKow,2.6,Experimental/Predicted,
EC_186_ExposureScore_Water,PFASProperty,PFAS_186,"1H,1H-Perfluoropropyl acrylate",ExposureScore_Water,0.2,Score,
EC_186_HazScore_EcoChronic,PFASProperty,PFAS_186,"1H,1H-Perfluoropropyl acrylate",HazScore_EcoChronic,0.02,Score,
EC_186_TPSA,PFASProperty,PFAS_186,"1H,1H-Perfluoropropyl acrylate",TPSA,26.3,Calculated,
EC_186_QED,PFASProperty,PFAS_186,"1H,1H-Perfluoropropyl acrylate",QED,0.3984,Calculated,
EC_187_logKow,PFASProperty,PFAS_187,Perfluoropentanoyl fluoride,logKow,1.93,Experimental/Predicted,
EC_187_ExposureScore_Water,PFASProperty,PFAS_187,Perfluoropentanoyl fluoride,ExposureScore_Water,0.24,Score,
EC_187_HazScore_EcoChronic,PFASProperty,PFAS_187,Perfluoropentanoyl fluoride,HazScore_EcoChronic,0.02,Score,
EC_187_TPSA,PFASProperty,PFAS_187,Perfluoropentanoyl fluoride,TPSA,17.07,Calculated,
EC_187_QED,PFASProperty,PFAS_187,Perfluoropentanoyl fluoride,QED,0.5666,Calculated,
EC_188_logKow,PFASProperty,PFAS_188,"1-Iodo-1H,1H,2H,2H-perfluoroheptane",logKow,5.96,Experimental/Predicted,
EC_188_ExposureScore_Water,PFASProperty,PFAS_188,"1-Iodo-1H,1H,2H,2H-perfluoroheptane",ExposureScore_Water,0.2,Score,
EC_188_HazScore_EcoChronic,PFASProperty,PFAS_188,"1-Iodo-1H,1H,2H,2H-perfluoroheptane",HazScore_EcoChronic,0.08,Score,
EC_188_TPSA,PFASProperty,PFAS_188,"1-Iodo-1H,1H,2H,2H-perfluoroheptane",TPSA,0.0,Calculated,
EC_188_QED,PFASProperty,PFAS_188,"1-Iodo-1H,1H,2H,2H-perfluoroheptane",QED,0.3344,Calculated,
EC_189_logKow,PFASProperty,PFAS_189,Perfluorooctane sulfonamido amine,logKow,6.46,Experimental/Predicted,
EC_189_ExposureScore_Water,PFASProperty,PFAS_189,Perfluorooctane sulfonamido amine,ExposureScore_Water,0.2,Score,
EC_189_HazScore_EcoChronic,PFASProperty,PFAS_189,Perfluorooctane sulfonamido amine,HazScore_EcoChronic,0.08,Score,
EC_189_TPSA,PFASProperty,PFAS_189,Perfluorooctane sulfonamido amine,TPSA,49.41,Calculated,
EC_189_QED,PFASProperty,PFAS_189,Perfluorooctane sulfonamido amine,QED,0.2646,Calculated,
EC_190_logKow,PFASProperty,PFAS_190,"N-(2-Carboxyethyl)-N,N-dimethyl-3-[[(perfluorohexyl)ethylsulfonyl]amino]propanaminium",logKow,3.4,Experimental/Predicted,
EC_190_ExposureScore_Water,PFASProperty,PFAS_190,"N-(2-Carboxyethyl)-N,N-dimethyl-3-[[(perfluorohexyl)ethylsulfonyl]amino]propanaminium",ExposureScore_Water,0.2,Score,
EC_190_HazScore_EcoChronic,PFASProperty,PFAS_190,"N-(2-Carboxyethyl)-N,N-dimethyl-3-[[(perfluorohexyl)ethylsulfonyl]amino]propanaminium",HazScore_EcoChronic,0.08,Score,
EC_190_TPSA,PFASProperty,PFAS_190,"N-(2-Carboxyethyl)-N,N-dimethyl-3-[[(perfluorohexyl)ethylsulfonyl]amino]propanaminium",TPSA,86.3,Calculated,
EC_190_QED,PFASProperty,PFAS_190,"N-(2-Carboxyethyl)-N,N-dimethyl-3-[[(perfluorohexyl)ethylsulfonyl]amino]propanaminium",QED,0.1824,Calculated,
EC_191_logKow,PFASProperty,PFAS_191,Perfluorotridecanoic acid (PFTrDA),logKow,8.16,Experimental/Predicted,
EC_191_ExposureScore_Water,PFASProperty,PFAS_191,Perfluorotridecanoic acid (PFTrDA),ExposureScore_Water,0.2,Score,
EC_191_HazScore_EcoChronic,PFASProperty,PFAS_191,Perfluorotridecanoic acid (PFTrDA),HazScore_EcoChronic,0.08,Score,
EC_191_TPSA,PFASProperty,PFAS_191,Perfluorotridecanoic acid (PFTrDA),TPSA,37.3,Calculated,
EC_191_QED,PFASProperty,PFAS_191,Perfluorotridecanoic acid (PFTrDA),QED,0.2311,Calculated,
EC_192_logKow,PFASProperty,PFAS_192,3-Ethoxyperfluoro(2-methylhexane),logKow,5.77,Experimental/Predicted,
EC_192_ExposureScore_Water,PFASProperty,PFAS_192,3-Ethoxyperfluoro(2-methylhexane),ExposureScore_Water,0.33,Score,
EC_192_HazScore_EcoChronic,PFASProperty,PFAS_192,3-Ethoxyperfluoro(2-methylhexane),HazScore_EcoChronic,0.03,Score,
EC_192_TPSA,PFASProperty,PFAS_192,3-Ethoxyperfluoro(2-methylhexane),TPSA,9.23,Calculated,
EC_192_QED,PFASProperty,PFAS_192,3-Ethoxyperfluoro(2-methylhexane),QED,0.5514,Calculated,
EC_193_logKow,PFASProperty,PFAS_193,"1H,1H,5H-Perfluoropentyl methacrylate",logKow,3.88,Experimental/Predicted,
EC_193_ExposureScore_Water,PFASProperty,PFAS_193,"1H,1H,5H-Perfluoropentyl methacrylate",ExposureScore_Water,0.39,Score,
EC_193_HazScore_EcoChronic,PFASProperty,PFAS_193,"1H,1H,5H-Perfluoropentyl methacrylate",HazScore_EcoChronic,0.04,Score,
EC_193_TPSA,PFASProperty,PFAS_193,"1H,1H,5H-Perfluoropentyl methacrylate",TPSA,26.3,Calculated,
EC_193_QED,PFASProperty,PFAS_193,"1H,1H,5H-Perfluoropentyl methacrylate",QED,0.4274,Calculated,
EC_194_logKow,PFASProperty,PFAS_194,"1-Iodo-1H,1H,2H,2H-perfluorononane",logKow,7.3,Experimental/Predicted,
EC_194_ExposureScore_Water,PFASProperty,PFAS_194,"1-Iodo-1H,1H,2H,2H-perfluorononane",ExposureScore_Water,0.2,Score,
EC_194_HazScore_EcoChronic,PFASProperty,PFAS_194,"1-Iodo-1H,1H,2H,2H-perfluorononane",HazScore_EcoChronic,0.08,Score,
EC_194_TPSA,PFASProperty,PFAS_194,"1-Iodo-1H,1H,2H,2H-perfluorononane",TPSA,0.0,Calculated,
EC_194_QED,PFASProperty,PFAS_194,"1-Iodo-1H,1H,2H,2H-perfluorononane",QED,0.2121,Calculated,
EC_195_ExposureScore_Water,PFASProperty,PFAS_195,"3-((Perfluorohexylsulfonyl)amino)-N,N,N-trimethyl-1-propanaminium iodide",ExposureScore_Water,0.25,Score,
EC_195_HazScore_EcoChronic,PFASProperty,PFAS_195,"3-((Perfluorohexylsulfonyl)amino)-N,N,N-trimethyl-1-propanaminium iodide",HazScore_EcoChronic,0.13,Score,
EC_195_TPSA,PFASProperty,PFAS_195,"3-((Perfluorohexylsulfonyl)amino)-N,N,N-trimethyl-1-propanaminium iodide",TPSA,46.17,Calculated,
EC_195_QED,PFASProperty,PFAS_195,"3-((Perfluorohexylsulfonyl)amino)-N,N,N-trimethyl-1-propanaminium iodide",QED,0.1683,Calculated,
